Submission id,Participant id,Status,Custom study tncs accepted at,Started at,Completed at,Reviewed at,Archived at,Time taken,Completion code,Total approvals,Age,Sex,Ethnicity simplified,Country of birth,Country of residence,Nationality,Language,Student status,Employment status
66bcac87edbf06db1ddba411,593948eefce4070001d33336,APPROVED,Not Applicable,2024-08-14T13:09:32.573000Z,2024-08-14T13:41:37.266000Z,2024-08-15T08:17:06.526000Z,2024-08-14T13:41:37.760018Z,1925,CLMUZNH2,753,35,Female,White,United States,United States,United States,English,No,Full-Time
66bcacf104ecb22a0f228fc0,658fbb9f64bcbcfb43e3d925,APPROVED,Not Applicable,2024-08-14T13:11:23.619000Z,2024-08-14T13:45:12.162000Z,2024-08-15T08:17:06.811000Z,2024-08-14T13:47:36.715705Z,2029,CLMUZNH2,437,40,Female,Black,United States,United States,United States,English,DATA_EXPIRED,DATA_EXPIRED
66bcad2c649e8d358de45755,60f1faa39def9e1f15734734,APPROVED,Not Applicable,2024-08-14T13:12:16.483000Z,2024-08-14T13:43:49.823000Z,2024-08-15T08:17:51.779000Z,2024-08-14T13:43:50.891037Z,1894,CLMUZNH2,778,24,Male,White,United States,United States,United States,English,No,Unemployed (and job seeking)
66bcad6b3cf1916387334206,655b69652f36b1478b77b436,APPROVED,Not Applicable,2024-08-14T13:13:20.104000Z,2024-08-14T13:42:31.960000Z,2024-08-15T08:17:07.082000Z,2024-08-14T13:42:33.096094Z,1752,CLMUZNH2,337,28,Female,White,United States,United States,United States,English,DATA_EXPIRED,DATA_EXPIRED
66bcaddd8a6648d79354375a,66aaa3caedaa06d13fd41a28,APPROVED,Not Applicable,2024-08-14T13:15:25.103000Z,2024-08-14T13:55:44.667000Z,2024-08-15T08:17:07.400000Z,2024-08-14T13:57:03.343140Z,2420,CLMUZNH2,23,27,Female,Black,United States,United States,United States,English,No,DATA_EXPIRED
66bcadfaf5cb31745d1b2f2e,66439f16517fee154d7c9612,APPROVED,Not Applicable,2024-08-14T13:15:47.053000Z,2024-08-14T13:46:45.493000Z,2024-08-15T08:17:52.059000Z,2024-08-14T13:48:38.460102Z,1859,CLMUZNH2,260,36,Male,Other,United States,United States,United States,English,No,Full-Time
66bcae6e8a6648d79354376f,66ab60ffb3bab026a1be4863,APPROVED,Not Applicable,2024-08-14T13:17:45.537000Z,2024-08-14T13:58:36.761000Z,2024-08-15T08:17:07.666000Z,2024-08-14T13:58:37.392146Z,2452,CLMUZNH2,65,38,Female,Black,United States,United States,United States,English,No,Full-Time
66bcaec71ff4080d61c6c663,5ee6be54321536000905346a,APPROVED,Not Applicable,2024-08-14T13:19:18.674000Z,2024-08-14T13:51:18.476000Z,2024-08-15T08:17:07.939000Z,2024-08-14T13:51:19.191385Z,1920,CLMUZNH2,2387,33,Female,Mixed,United States,United States,United States,English,No,Part-Time
66bcaed68b4c637ef5cc7134,667ac2458f480b3288551d2f,APPROVED,Not Applicable,2024-08-14T13:19:22.485000Z,2024-08-14T13:55:02.380000Z,2024-08-15T08:17:08.205000Z,2024-08-14T13:55:28.673964Z,2140,CLMUZNH2,48,40,Female,White,United States,United States,United States,English,No,DATA_EXPIRED
66bcaf227d896af257977e87,5ce36fd645ff250001244987,APPROVED,Not Applicable,2024-08-14T13:20:57.362000Z,2024-08-14T13:51:17.054000Z,2024-08-15T08:17:52.466000Z,2024-08-14T13:51:17.705638Z,1820,CLMUZNH2,1218,27,Male,White,United States,United States,United States,English,Yes,Full-Time
66bcaf39f8815570c914407e,60257702487c590d441d8c67,APPROVED,Not Applicable,2024-08-14T13:23:16.346000Z,2024-08-14T13:53:58.195000Z,2024-08-15T08:17:08.474000Z,2024-08-14T13:53:58.915681Z,1842,CLMUZNH2,554,32,Female,White,United States,United States,United States,English,Yes,DATA_EXPIRED
66bcaf4143b7046583510df9,6638debdf7ff5e5c96c7b871,APPROVED,Not Applicable,2024-08-14T13:21:11.309000Z,2024-08-14T14:29:04.610000Z,2024-08-15T08:17:09.161000Z,2024-08-14T14:29:05.121903Z,4074,NOCODE,316,30,Female,White,United States,United States,United States,English,No,Full-Time
66bcafaff78f8600f2827786,6640d8cb7dba6a67dbabbb3c,APPROVED,Not Applicable,2024-08-14T13:23:00.379000Z,2024-08-14T13:52:48.098000Z,2024-08-15T08:17:09.437000Z,2024-08-14T13:52:49.212438Z,1788,CLMUZNH2,254,31,Female,White,United States,United States,United States,English,No,Full-Time
66bcafdced144f9e129bd91b,6692cb26a5fb84fd6decc317,APPROVED,Not Applicable,2024-08-14T13:23:56.278000Z,2024-08-14T13:36:41.322000Z,2024-08-15T08:17:52.833000Z,2024-08-14T13:37:49.842482Z,766,NOCODE,41,36,Male,Black,United States,United States,United States,English,No,Unemployed (and job seeking)
66bcb025d9411cbbc0e67aba,6581a479f9807ef785856770,APPROVED,Not Applicable,2024-08-14T13:33:16.699000Z,2024-08-14T14:13:04.677000Z,2024-08-15T08:17:53.105000Z,2024-08-14T14:13:45.605982Z,2388,CLMUZNH2,212,20,Male,Other,Nigeria,United States,Nigeria,English,DATA_EXPIRED,DATA_EXPIRED
66bcb0293ac0a23d5f85c15c,6636441f21dcbe289b599427,APPROVED,Not Applicable,2024-08-14T13:25:25.384000Z,2024-08-14T13:56:45.218000Z,2024-08-15T08:17:09.718000Z,2024-08-14T13:57:24.081736Z,1880,CLMUZNH2,174,26,Female,Mixed,Germany,United States,United States,English,Yes,Unemployed (and job seeking)
66bcb03fa5357dc1b3b52ff5,65eb3a99355a9dc09c32dc23,APPROVED,Not Applicable,2024-08-14T13:25:26.213000Z,2024-08-14T14:25:04.406000Z,2024-08-15T08:17:53.399000Z,2024-08-14T14:25:41.590804Z,3579,CLMUZNH2,173,31,Male,Black,United States,United States,United States,English,No,Part-Time
66bcb083cd50aa3de695a77b,66412fdd253056eea3b68034,APPROVED,Not Applicable,2024-08-14T13:26:40.715000Z,2024-08-14T13:47:33.837000Z,2024-08-15T08:17:10.003000Z,2024-08-14T13:48:49.161630Z,1254,NOCODE,89,35,Female,Mixed,United States,United States,United States,English,No,"Not in paid work (e.g. homemaker', 'retired or disabled)"
66bcb0a65652c7e7cd36ea90,66acf1dafdde67e78c491860,APPROVED,Not Applicable,2024-08-14T13:28:10.534000Z,2024-08-14T14:23:23.613000Z,2024-08-15T08:17:53.670000Z,2024-08-14T14:24:56.636272Z,3314,CLMUZNH2,5,36,Male,Black,United States,United States,United States,English,Yes,Full-Time
66bcb0a837a32501c94fcea6,611722f2f782899ff22ed1ed,APPROVED,Not Applicable,2024-08-14T13:27:12.590000Z,2024-08-14T14:07:27.327000Z,2024-08-15T08:17:10.275000Z,2024-08-14T14:09:20.023569Z,2415,CLMUZNH2,28,29,Female,White,United States,United States,United States,DATA_EXPIRED,DATA_EXPIRED,Other
66bcb0aec214244054cbd3de,62aa28c1027ae7d68ef3571c,APPROVED,Not Applicable,2024-08-14T13:27:14.916000Z,2024-08-14T13:56:30.181000Z,2024-08-15T08:17:10.559000Z,2024-08-14T13:57:19.740505Z,1756,CLMUZNH2,3323,22,Female,White,United States,United States,United States,English,No,Other
66bcb0c53cf1916387334293,66bb7c701955ad25946b8002,APPROVED,Not Applicable,2024-08-14T13:27:43.270000Z,2024-08-14T13:43:03.841000Z,2024-08-15T08:17:10.852000Z,2024-08-14T13:43:04.538210Z,921,NOCODE,1,28,Female,White,United States,United States,United States,English,DATA_EXPIRED,DATA_EXPIRED
66bcb0f9ad53df20f226e349,63dad57e2eb7e3ae2f1bbe79,APPROVED,Not Applicable,2024-08-14T13:28:36.362000Z,2024-08-14T14:02:34.680000Z,2024-08-15T08:17:11.177000Z,2024-08-14T14:03:39.813068Z,2039,CLMUZNH2,67,28,Female,White,United States,United States,United States,English,No,Part-Time
66bcb1073f804a9bd4dae159,5fc6bb4182ff63089f4a26be,APPROVED,Not Applicable,2024-08-14T13:28:44.323000Z,2024-08-14T14:05:18.780000Z,2024-08-15T08:17:53.953000Z,2024-08-14T14:05:24.339419Z,2195,CLMUZNH2,1622,39,Male,White,United States,United States,United States,English,DATA_EXPIRED,DATA_EXPIRED
66bcb160d5da2108378d1d7a,668c86b0f74d7adcaf5c6ed9,APPROVED,Not Applicable,2024-08-14T13:30:17.689000Z,2024-08-14T13:45:34.460000Z,2024-08-15T08:17:54.226000Z,2024-08-14T13:47:51.590393Z,917,NOCODE,105,31,Male,Black,Ghana,United States,United States,English,DATA_EXPIRED,DATA_EXPIRED
66bcb161b5f3ece53f2b655b,65cb0fa25f09d10efb4c7e67,APPROVED,Not Applicable,2024-08-14T13:30:36.059000Z,2024-08-14T14:26:58.455000Z,2024-08-15T08:17:54.508000Z,2024-08-14T14:26:59.219270Z,3383,CLMUZNH2,250,33,Male,Black,DATA_EXPIRED,United States,United States,English,DATA_EXPIRED,DATA_EXPIRED
66bcb1992bcb51897819109c,669ad679416e965c4a54914b,APPROVED,Not Applicable,2024-08-14T13:31:16.319000Z,2024-08-14T14:12:18.286000Z,2024-08-15T08:17:54.836000Z,2024-08-14T14:13:28.254338Z,2462,CLMUZNH2,105,21,Male,Black,United States,United States,United States,English,No,Full-Time
66bcb1a1af4bbe8867f19651,5d4b14caed2dfc0001a22c1a,APPROVED,Not Applicable,2024-08-14T13:31:17.462000Z,2024-08-14T14:01:01.423000Z,2024-08-15T08:17:11.454000Z,2024-08-14T14:03:00.527679Z,1784,CLMUZNH2,1315,40,Female,White,United States,United States,United States,English,No,Other
66bcb1a2e6f77501141b302a,62bd685ac3edc9ad0d77812b,APPROVED,Not Applicable,2024-08-14T13:31:57.586000Z,2024-08-14T14:26:13.144000Z,2024-08-15T08:17:55.144000Z,2024-08-14T14:26:14.372016Z,3256,CLMUZNH2,1763,36,Male,Black,DATA_EXPIRED,United States,United States,English,DATA_EXPIRED,DATA_EXPIRED
66bcb1d2d10079ae52e4830d,661d0b257a28a596c60285c5,APPROVED,Not Applicable,2024-08-14T13:32:05.669000Z,2024-08-14T14:02:27.458000Z,2024-08-15T08:17:11.757000Z,2024-08-14T14:03:37.893209Z,1822,CLMUZNH2,514,25,Female,Mixed,United States,United States,United States,English,No,DATA_EXPIRED
66bcb240fde934354d48d3cf,6669c002bf19235ea7aed1cf,APPROVED,Not Applicable,2024-08-14T13:43:47.789000Z,2024-08-14T14:14:38.057000Z,2024-08-15T08:17:12.060000Z,2024-08-14T14:14:38.590657Z,1851,clmuznh2,247,26,Female,White,United States,United States,United States,English,No,Full-Time
66bcb27fc4b4f2c45b10a6a1,66abe49b2e0fab4f40745ada,APPROVED,Not Applicable,2024-08-14T13:35:17.962000Z,2024-08-14T13:45:01.117000Z,2024-08-15T08:17:12.336000Z,2024-08-14T13:47:29.252960Z,584,NOCODE,35,31,Female,White,United States,United States,Germany,English,No,Full-Time
66bcb297fde934354d48d3d6,66b54a5afb238c1de3365ba1,APPROVED,Not Applicable,2024-08-14T13:35:30.323000Z,2024-08-14T14:17:59.301000Z,2024-08-15T08:17:55.455000Z,2024-08-14T14:20:23.692506Z,2549,CLMUZNH2,6,24,Male,Black,United States,United States,United States,English,DATA_EXPIRED,Full-Time
66bcb2a0f3e5e96bc5da25b2,6671c2ad9085174158f792cb,APPROVED,Not Applicable,2024-08-14T13:35:33.383000Z,2024-08-14T14:09:17.194000Z,2024-08-15T08:17:55.760000Z,2024-08-14T14:09:40.992226Z,2024,CLMUZNH2,263,38,Male,Black,United States,United States,United States,English,No,Full-Time
66bcb2bed96af0799ef65306,66261752ff806f1ffd1d35ed,APPROVED,Not Applicable,2024-08-14T13:37:10.590000Z,2024-08-14T14:34:25.267000Z,2024-08-15T08:17:56.074000Z,2024-08-14T14:35:42.005100Z,3435,CLMUZNH2,493,31,Male,Black,Nigeria,United States,United States,English,Yes,DATA_EXPIRED
66bcb2d080da8381db83d39c,5efb31fa8cd32f04bf048643,APPROVED,Not Applicable,2024-08-14T13:36:21.206000Z,2024-08-14T14:06:15.478000Z,2024-08-15T08:17:12.632000Z,2024-08-14T14:07:04.803821Z,1795,CLMUZNH2,5019,38,Female,White,United States,United States,United States,English,No,"Not in paid work (e.g. homemaker', 'retired or disabled)"
66bcb2eb7d896d75f1f6f2c7,66a38054f0ed0bf3784544f7,APPROVED,Not Applicable,2024-08-14T13:38:05.015000Z,2024-08-14T14:19:58.679000Z,2024-08-15T08:17:56.356000Z,2024-08-14T14:20:53.375966Z,2514,CLMUZNH2,61,31,Male,Black,Nigeria,United States,United States,English,DATA_EXPIRED,Full-Time
66bcb2f02bb8b5a40ddf3ee8,66ba5a35bcade78468896a16,APPROVED,Not Applicable,2024-08-14T13:36:59.969000Z,2024-08-14T14:27:52.372000Z,2024-08-15T08:17:12.894000Z,2024-08-14T14:27:53.590794Z,3053,NOCODE,2,22,Female,White,United States,United States,United States,English,No,Full-Time
66bcb2fb3dfc7fa346ca17f4,666794e38a2ac585e818ba17,APPROVED,Not Applicable,2024-08-14T13:37:04.936000Z,2024-08-14T14:38:45.405000Z,2024-08-15T08:17:13.173000Z,2024-08-14T14:40:09.390883Z,3701,CLMUZNH2,206,26,Female,Black,United States,United States,United States,English,Yes,DATA_EXPIRED
66bcb318b5f3ece53f2b65a7,612d5aec388ae7382c6d9d59,APPROVED,Not Applicable,2024-08-14T13:37:36.588000Z,2024-08-14T14:07:12.484000Z,2024-08-15T08:17:13.441000Z,2024-08-14T14:08:56.351504Z,1776,CLMUZNH2,4029,37,Female,White,United States,United States,Lithuania,English,DATA_EXPIRED,DATA_EXPIRED
66bcb322ef3fcc2b3fedf732,6698041123ee95043a6e60fb,APPROVED,Not Applicable,2024-08-14T13:37:52.536000Z,2024-08-14T14:16:01.595000Z,2024-08-15T08:17:13.717000Z,2024-08-14T14:16:02.359146Z,2290,CLMUZNH2,89,22,Female,Black,Ghana,United States,United States,English,No,Full-Time
66bcb324192764e6408c52f5,66893c5eeac80b6cf2c4405b,APPROVED,Not Applicable,2024-08-14T13:37:51.649000Z,2024-08-14T14:13:49.378000Z,2024-08-15T08:17:56.634000Z,2024-08-14T15:14:15.119881Z,2158,CLMZNH2,88,26,Male,Mixed,Ghana,United States,United States,English,Yes,Part-Time
66bcb329902e19ad333447aa,5e349833001ff8468fda08c6,APPROVED,Not Applicable,2024-08-14T13:38:23.078000Z,2024-08-14T14:08:23.655000Z,2024-08-15T08:17:56.910000Z,2024-08-14T14:09:35.479438Z,1801,CLMUZNH2,2572,34,Male,White,United States,United States,United States,English,DATA_EXPIRED,Full-Time
66bcb32dba1619c089fec88d,66ac666f3e030205c277b763,APPROVED,Not Applicable,2024-08-14T13:38:06.912000Z,2024-08-14T14:41:58.157000Z,2024-08-15T08:17:57.739000Z,2024-08-14T14:41:59.018998Z,3832,NOCODE,9,27,Male,Black,United States,United States,United States,English,Yes,Full-Time
66bcb35811ef3087c385c126,669fc473f86d0ae8406a4337,APPROVED,Not Applicable,2024-08-14T13:38:52.955000Z,2024-08-14T14:14:16.052000Z,2024-08-15T08:17:14.035000Z,2024-08-14T14:14:25.571262Z,2124,CLMUZNH2,8,30,Female,Black,Ghana,United States,United States,English,No,Full-Time
66bcb3708f9f74795c4fcee9,6651f4a78c1393be4fbd2212,APPROVED,Not Applicable,2024-08-14T13:39:04.663000Z,2024-08-14T14:31:54.660000Z,2024-08-15T08:17:14.310000Z,2024-08-14T14:31:55.463008Z,3170,NOCODE,88,33,Female,Asian,Philippines,United States,Philippines,Tagalog-Filipino,No,Part-Time
66bcb392697172946d3eb682,6310b6a2faa8651af66ee6de,APPROVED,Not Applicable,2024-08-14T13:45:57.723000Z,2024-08-14T14:24:04.744000Z,2024-08-15T08:17:14.612000Z,2024-08-14T14:25:26.088756Z,2288,CLMUZNH2,226,20,Female,Black,United States,United States,United States,English,DATA_EXPIRED,DATA_EXPIRED
66bcb3a73aafd3f2d30f0278,6658bdf9cb6c2359f116fd28,APPROVED,Not Applicable,2024-08-14T13:40:03.110000Z,2024-08-14T14:09:53.862000Z,2024-08-15T08:17:14.898000Z,2024-08-14T14:09:54.560633Z,1791,CLMUZNH2,334,27,Female,White,United States,United States,United States,English,No,Part-Time
66bcb3b95993564d939ae10b,60e5cb4ca01a593fce9a379d,APPROVED,Not Applicable,2024-08-14T13:40:14.506000Z,2024-08-14T14:10:35.746000Z,2024-08-15T08:17:58.014000Z,2024-08-14T14:10:36.504373Z,1822,CLMUZNH2,2567,34,Male,Asian,India,United States,India,Telugu,No,Full-Time
66bcb3c918da3ed2ffad98d4,5eebe4e6e61002183aec9b70,APPROVED,Not Applicable,2024-08-14T13:40:31.727000Z,2024-08-14T14:11:08.473000Z,2024-08-15T08:17:58.281000Z,2024-08-14T14:12:25.768201Z,1837,CLMUZNH2,2516,27,Male,White,United States,United States,United States,English,DATA_EXPIRED,DATA_EXPIRED
66bcb3d5982c0c17c92caa6f,5e46d70ab1f1c5000d96800d,APPROVED,Not Applicable,2024-08-14T13:41:03.634000Z,2024-08-14T14:11:41.969000Z,2024-08-15T08:17:58.595000Z,2024-08-14T14:12:57.506744Z,1839,CLMUZNH2,5216,39,Male,Black,United States,United States,United States,English,DATA_EXPIRED,DATA_EXPIRED
66bcb3df7d896af257977f5d,66a2551be4c0a7bc1cd0426a,APPROVED,Not Applicable,2024-08-14T13:40:53.385000Z,2024-08-14T14:11:00.876000Z,2024-08-15T08:17:58.882000Z,2024-08-14T14:12:18.232611Z,1808,CLMUZNH2,1,34,Male,White,United States,United States,United States,English,DATA_EXPIRED,DATA_EXPIRED
66bcb3e93453a2782e1710b6,65cb58d0b074d6157dc0a15d,APPROVED,Not Applicable,2024-08-14T13:41:00.406000Z,2024-08-14T13:48:33.145000Z,2024-08-15T08:17:15.174000Z,2024-08-14T13:49:01.542258Z,453,NOCODE,1100,23,Female,Asian,United States,United States,United States,English,DATA_EXPIRED,DATA_EXPIRED
66bcb400f3e5e96bc5da25ee,6341b868a41dcb8f252c509a,APPROVED,Not Applicable,2024-08-14T13:41:36.185000Z,2024-08-14T14:11:23.104000Z,2024-08-15T08:17:59.158000Z,2024-08-14T14:12:35.245007Z,1787,CLMUZNH2,2679,44,Male,Other,Turkey,United States,Turkey,Turkish,No,Full-Time
66bcb401e4bb9f260ccc7252,57656f6c2bfddf000125cce5,APPROVED,Not Applicable,2024-08-14T13:42:57.432000Z,2024-08-14T14:23:32.907000Z,2024-08-15T08:17:59.435000Z,2024-08-14T14:25:04.837878Z,2436,CLMUZNH2,3762,39,Male,White,United States,United States,United States,English,DATA_EXPIRED,DATA_EXPIRED
66bcb416a92b458edb5ff759,663911a7d0a58901bbe17704,APPROVED,Not Applicable,2024-08-14T13:41:45.905000Z,2024-08-14T14:12:15.164000Z,2024-08-15T08:17:59.765000Z,2024-08-14T14:13:26.992286Z,1830,NOCODE,17,31,Male,White,United States,United States,United States,English,No,Full-Time
66bcb422f3cc9977df180260,668eab37a38030bf3d31cb7a,APPROVED,Not Applicable,2024-08-14T13:41:59.963000Z,2024-08-14T14:16:16.128000Z,2024-08-15T08:18:00.085000Z,2024-08-14T14:16:16.809264Z,2057,CLMUZNH2,245,29,Male,White,United States,United States,United States,English,No,Full-Time
66bcb42d4af2fc1184a42f83,606e8e8337c79e219214af3b,APPROVED,Not Applicable,2024-08-14T13:42:11.807000Z,2024-08-14T14:17:10.325000Z,2024-08-15T08:18:00.407000Z,2024-08-14T14:17:12.029990Z,2099,CLMUZNH2,3706,33,Male,Mixed,United States,United States,United States,English,DATA_EXPIRED,Full-Time
66bcb4511ff4080d61c6c733,6662b0fef3be060d78148764,APPROVED,Not Applicable,2024-08-14T13:42:51.684000Z,2024-08-14T14:37:42.185000Z,2024-08-15T08:18:00.717000Z,2024-08-14T15:40:23.112204Z,3291,CLMUZNH2,98,40,Male,Black,Nigeria,United States,Nigeria,English,No,Full-Time
66bcb45c7d896af257977f7e,6666ecdd0fe3177e0e649586,APPROVED,Not Applicable,2024-08-14T13:42:58.920000Z,2024-08-14T14:15:51.487000Z,2024-08-15T08:17:15.492000Z,2024-08-14T14:15:52.084875Z,1973,CLMUZNH2,63,31,Female,Black,Ghana,United States,United States,English,Yes,Full-Time
66bcb461c214244054cbd477,5caf7f17a85c43001737b4b3,APPROVED,Not Applicable,2024-08-14T13:43:02.239000Z,2024-08-14T14:13:09.462000Z,2024-08-15T08:18:01.010000Z,2024-08-14T14:13:47.594511Z,1808,CLMUZNH2,463,36,Male,Black,United States,United States,United States,English,No,Unemployed (and job seeking)
66bcb4715d182838b25ff6bb,66a24f561d18138055656e1a,APPROVED,Not Applicable,2024-08-14T13:44:29.080000Z,2024-08-14T14:33:10.680000Z,2024-08-15T08:18:01.409000Z,2024-08-14T14:34:54.953716Z,2922,CLMUZNH2,109,32,Male,Mixed,United States,United States,United States,English,Yes,Full-Time
66bcb47354b75fa2d933894b,66ad0adcf15ca9ce28524323,APPROVED,Not Applicable,2024-08-14T13:44:22.273000Z,2024-08-14T14:15:24.179000Z,2024-08-15T08:18:01.721000Z,2024-08-14T14:15:25.186888Z,1862,CLMUZNH2,53,24,Male,White,United States,United States,United States,English,No,Full-Time
66bcb4777d896d75f1f6f2fe,66aa99907df1745fd0f40462,APPROVED,Not Applicable,2024-08-14T13:43:28.445000Z,2024-08-14T14:13:57.303000Z,2024-08-15T08:17:15.761000Z,2024-08-14T14:14:11.074293Z,1829,CLMUZNH2,45,36,Female,White,United States,United States,United States,English,No,Due to start a new job within the next month
66bcb47bb2488ec54c19109f,6500aa732c4f0eb077f8c809,APPROVED,Not Applicable,2024-08-14T13:45:32.476000Z,2024-08-14T14:17:25.724000Z,2024-08-15T08:17:16.044000Z,2024-08-14T14:17:26.206427Z,1914,CLMUZNH2,1222,22,Female,Other,Mexico,United States,Mexico,Spanish,No,"Not in paid work (e.g. homemaker', 'retired or disabled)"
66bcb48f6ab3b23d4a8aaa7a,6105619fd55674bb2c2f0f74,APPROVED,Not Applicable,2024-08-14T13:43:55.788000Z,2024-08-14T14:17:11.402000Z,2024-08-15T08:17:16.452000Z,2024-08-14T14:17:12.203218Z,1996,CLMUZNH2,1664,27,Female,White,United States,United States,United States,English,No,Full-Time
66bcb4c0df64494edea1df94,62865cb9d41a9e2aaf141c84,APPROVED,Not Applicable,2024-08-14T13:46:01.939000Z,2024-08-14T14:15:48.142000Z,2024-08-15T08:18:01.998000Z,2024-08-14T14:15:48.811920Z,1787,CLMUZNH2,3566,32,Male,White,United States,United States,United States,English,No,Full-Time
66bcb4c5ad53df20f226e3b6,656f97b81b51c257c08d6e51,APPROVED,Not Applicable,2024-08-14T13:44:45.267000Z,2024-08-14T14:15:48.154000Z,2024-08-15T08:18:02.286000Z,2024-08-14T14:15:48.837662Z,1863,CLMUZNH2,746,23,Male,Asian,India,United States,India,Telugu,Yes,Full-Time
66bcb50986a8da8151c306ac,654f7df8da154720dd8a8ada,APPROVED,Not Applicable,2024-08-14T13:45:55.953000Z,2024-08-14T14:33:06.438000Z,2024-08-15T08:17:16.736000Z,2024-08-14T14:34:48.297937Z,2831,CLMUZNH2,672,22,Female,Black,United States,United States,United States,English,No,Full-Time
66bcb516d7d5060e7a069759,665fc69fe8d5562ac1294f30,APPROVED,Not Applicable,2024-08-14T13:52:14.778000Z,2024-08-14T14:22:46.651000Z,2024-08-15T08:18:02.576000Z,2024-08-14T14:24:45.828997Z,1832,CLMUZNH2,188,31,Male,White,United States,United States,United States,English,No,Full-Time
66bcb527e692abccc2170629,61512da1b014432209fd0470,APPROVED,Not Applicable,2024-08-14T13:46:28.063000Z,2024-08-14T13:54:41.323000Z,2024-08-15T08:17:17.016000Z,2024-08-14T13:55:14.699029Z,494,35934,484,37,Female,Black,United States,United States,United States,English,DATA_EXPIRED,DATA_EXPIRED
66bcb536fd1cd93b682b6553,66786fd4594ab649c244de43,APPROVED,Not Applicable,2024-08-14T13:46:45.370000Z,2024-08-14T14:18:37.653000Z,2024-08-15T08:17:17.462000Z,2024-08-14T14:20:38.477459Z,1913,CLMUZNH2,258,33,Female,Black,United States,United States,United States,English,DATA_EXPIRED,DATA_EXPIRED
66bcb5408202b013d9a993ef,5e050b28c76aa6f62aa71c50,APPROVED,Not Applicable,2024-08-14T13:46:43.415000Z,2024-08-14T14:15:58.808000Z,2024-08-15T08:17:17.916000Z,2024-08-14T14:15:59.455981Z,1756,NOCODE,927,34,Female,White,United States,United States,United States,English,No,Full-Time
66bcb543484b82ae7788d02e,664a2fdd1c0b14a8e03f551c,APPROVED,Not Applicable,2024-08-14T13:46:47.379000Z,2024-08-14T14:17:07.264000Z,2024-08-15T08:17:18.244000Z,2024-08-14T14:17:07.930506Z,1820,CLMUZNH2,18,32,Female,Mixed,Chile,United States,Chile,Spanish,No,Unemployed (and job seeking)
66bcb54ef4e99d4174ec5801,6404132ea192589b51692c4a,APPROVED,Not Applicable,2024-08-14T13:50:26.517000Z,2024-08-14T14:56:46.920000Z,2024-08-15T08:17:18.529000Z,2024-08-14T14:58:52.271062Z,3981,NOCODE,2645,24,Female,Asian,United States,United States,United States,DATA_EXPIRED,DATA_EXPIRED,DATA_EXPIRED
66bcb55708e8318f6b42e684,602f228dc266c0bfd08bf0a6,APPROVED,Not Applicable,2024-08-14T13:47:09.377000Z,2024-08-14T14:18:19.292000Z,2024-08-15T08:17:18.804000Z,2024-08-14T14:20:34.777304Z,1870,CLMUZNH2,12,34,Female,White,United States,United States,United States,English,No,Full-Time
66bcb5872da897feb3c3072b,667d6a740c24cdce7291bb74,APPROVED,Not Applicable,2024-08-14T13:48:15.085000Z,2024-08-14T14:22:25.015000Z,2024-08-15T08:17:19.082000Z,2024-08-14T14:24:40.675793Z,2050,CLMUZNH2,212,36,Female,Asian,Japan,United States,Japan,Japanese,No,"Not in paid work (e.g. homemaker', 'retired or disabled)"
66bcb58c9691659a0df83350,5e6b747a58ca6e122f8bb63f,APPROVED,Not Applicable,2024-08-14T13:48:00.966000Z,2024-08-14T14:20:50.321000Z,2024-08-15T08:17:19.413000Z,2024-08-14T14:20:57.323130Z,1970,CLMUZNH2,1049,36,Female,White,United States,United States,United States,English,Yes,"Not in paid work (e.g. homemaker', 'retired or disabled)"
66bcb59161560828e4ee5918,66608bbdf503d943dcd12db2,APPROVED,Not Applicable,2024-08-14T13:48:06.033000Z,2024-08-14T14:18:45.782000Z,2024-08-15T08:18:02.858000Z,2024-08-14T14:20:41.162282Z,1840,CLMUZNH2,273,29,Male,White,Poland,United States,Poland,English,No,Part-Time
66bcb5942ddd3c6a31206550,66443f8a78c19c6cf8de958c,APPROVED,Not Applicable,2024-08-14T13:57:21.968000Z,2024-08-14T14:31:28.013000Z,2024-08-15T08:18:03.162000Z,2024-08-14T14:31:28.985765Z,2047,CLMUZNH2,254,28,Male,Mixed,United States,United States,United States,English,No,Unemployed (and job seeking)
66bcb596a058207f274fda64,5c48d9b3cd853b0001287890,APPROVED,Not Applicable,2024-08-14T13:48:15.272000Z,2024-08-14T14:20:05.022000Z,2024-08-15T08:18:03.436000Z,2024-08-14T14:20:53.875148Z,1910,clmuznh2,6760,32,Male,White,United States,United States,United States,English,Yes,Full-Time
66bcb5aa4e8f4ad85b7d8b7e,664609dbd42d61120322d444,APPROVED,Not Applicable,2024-08-14T13:48:33.010000Z,2024-08-14T14:22:55.601000Z,2024-08-15T08:18:03.742000Z,2024-08-14T14:24:48.231151Z,2063,clmuznh2,158,39,Male,Mixed,United States,United States,United States,English,No,"Not in paid work (e.g. homemaker', 'retired or disabled)"
66bcb5ae4d9c8e97c8e09c63,642e10f11d857b6e6bf20522,APPROVED,Not Applicable,2024-08-14T13:49:59.583000Z,2024-08-14T14:23:29.402000Z,2024-08-15T08:18:04.124000Z,2024-08-14T14:25:03.142098Z,2010,CLMUZNH2,1266,25,Male,Black,DATA_EXPIRED,United States,United States,English,DATA_EXPIRED,DATA_EXPIRED
66bcb5b4cf0ccdc248031546,669683d7cbff5c62b8bf79bb,APPROVED,Not Applicable,2024-08-14T13:48:46.398000Z,2024-08-14T14:18:56.102000Z,2024-08-15T08:18:04.417000Z,2024-08-14T14:20:43.830646Z,1810,CLMUZNH2,21,27,Male,Asian,India,United States,India,Hindi,No,Full-Time
66bcb5bff5cb31745d1b307c,641361951f32a46c07479b33,APPROVED,Not Applicable,2024-08-14T13:48:51.971000Z,2024-08-14T14:21:44.005000Z,2024-08-15T08:17:19.708000Z,2024-08-14T14:21:44.770992Z,1973,CLMUZNH2,3147,37,Female,White,United States,United States,United States,English,DATA_EXPIRED,Full-Time
66bcb5c1bf4869e35fcd98b4,611e0d3c67d86e1ff9f58428,APPROVED,Not Applicable,2024-08-14T13:48:53.790000Z,2024-08-14T14:21:21.304000Z,2024-08-15T08:18:04.721000Z,2024-08-14T14:21:22.248010Z,1948,CLMUZNH2,1693,25,Male,Mixed,United States,United States,United States,English,Yes,Unemployed (and job seeking)
66bcb5c42ed5ffec8777df83,646778f0d6b43cbeb4501454,APPROVED,Not Applicable,2024-08-14T13:48:55.381000Z,2024-08-14T14:18:23.640000Z,2024-08-15T08:17:20.027000Z,2024-08-14T14:20:35.876632Z,1769,CLMUZNH2,2414,25,Female,White,United States,United States,United States,English,No,"Not in paid work (e.g. homemaker', 'retired or disabled)"
66bcb5c47d099b6c011b85a0,6698252fb9288a7a44263280,APPROVED,Not Applicable,2024-08-14T13:49:02.608000Z,2024-08-14T14:19:57.546000Z,2024-08-15T08:17:20.315000Z,2024-08-14T14:20:53.285296Z,1855,CLMUZNH2,90,21,Female,White,United States,United States,United States,English,Yes,Part-Time
66bcb5ddf3b8673e88382981,65bdfc6f682b5c9af4b633b1,APPROVED,Not Applicable,2024-08-14T13:51:56.828000Z,2024-08-14T14:47:54.058000Z,2024-08-15T08:18:05.110000Z,2024-08-14T14:47:58.856044Z,3358,CLMUZNH2,306,34,Male,Asian,Bangladesh,United States,United States,English,DATA_EXPIRED,DATA_EXPIRED
66bcb5e0ab559750eea455b7,5c0fa2324324e80001c951c9,APPROVED,Not Applicable,2024-08-14T13:49:28.798000Z,2024-08-14T14:21:15.228000Z,2024-08-15T08:17:20.629000Z,2024-08-14T14:21:16.923604Z,1907,CLMUZNH2,3964,38,Female,White,United States,United States,United States,English,No,Full-Time
66bcb5e1c21365be73d66a3a,668d6dca3f4a57d005d532ec,APPROVED,Not Applicable,2024-08-14T13:49:27.168000Z,2024-08-14T14:24:04.702000Z,2024-08-15T08:18:05.474000Z,2024-08-14T14:25:26.552402Z,2078,CLMUZNH2,103,29,Male,Asian,India,United States,India,English,Yes,Full-Time
66bcb5fa7d896af257977fbb,66a25c8ec9f5990572f936c5,APPROVED,Not Applicable,2024-08-14T13:49:52.586000Z,2024-08-14T14:30:27.594000Z,2024-08-15T08:18:05.766000Z,2024-08-14T14:30:28.824225Z,2436,CLMUZNH2,30,28,Male,Black,United States,United States,United States,English,Yes,Full-Time
66bcb5fbedbf06db1ddba584,60cb3c4b9454f7a196355088,APPROVED,Not Applicable,2024-08-14T13:49:53.927000Z,2024-08-14T14:21:16.326000Z,2024-08-15T08:18:06.091000Z,2024-08-14T14:21:17.519346Z,1883,CLMUZNH2,4234,37,Male,Black,United States,United States,United States,English,DATA_EXPIRED,DATA_EXPIRED
66bcb6058f391a55aaa4561a,6637d382d385b60079e010e9,APPROVED,Not Applicable,2024-08-14T13:51:22.750000Z,2024-08-14T14:46:45.104000Z,2024-08-15T08:17:20.916000Z,2024-08-14T14:47:37.427719Z,3323,CLMUZNH2,271,25,Female,Mixed,Nigeria,United States,United States,English,DATA_EXPIRED,DATA_EXPIRED
66bcb61a8c1b443bca4e2317,666d9f87e4767cb47225a9cf,APPROVED,Not Applicable,2024-08-14T13:50:32.554000Z,2024-08-14T14:22:10.534000Z,2024-08-15T08:17:21.215000Z,2024-08-14T14:24:36.959313Z,1898,CLMUZNH2,198,29,Female,Asian,India,United States,India,Telugu,No,Unemployed (and job seeking)
66bcb61d8c1b6284ffd1acf5,60ff62b76b8b321e499025b2,APPROVED,Not Applicable,2024-08-14T13:50:25.095000Z,2024-08-14T14:21:12.814000Z,2024-08-15T08:17:21.513000Z,2024-08-14T14:21:13.617507Z,1848,CLMUZNH2,1240,26,Female,White,United States,United States,United States,English,No,Full-Time
66bcb62716210679a24e22c8,5fb69cacddba6408f81a9564,APPROVED,Not Applicable,2024-08-14T13:52:35.010000Z,2024-08-14T14:22:43.584000Z,2024-08-15T08:18:06.431000Z,2024-08-14T14:24:45.158457Z,1809,CLMUZNH2,3539,40,Male,White,United States,United States,United States,English,DATA_EXPIRED,DATA_EXPIRED
66bcb634f8815570c914419a,5cd8a78e0f0de600018e782f,APPROVED,Not Applicable,2024-08-14T13:57:15.045000Z,2024-08-14T14:28:53.145000Z,2024-08-15T08:18:06.712000Z,2024-08-14T14:28:54.017897Z,1899,CLMUZNH2,4350,33,Male,Other,United States,United States,United States,English,DATA_EXPIRED,DATA_EXPIRED
66bcb63508595a6e22515f3b,5e3bb7770e53243ce0376fe1,APPROVED,Not Applicable,2024-08-14T13:50:50.909000Z,2024-08-14T14:20:50.296000Z,2024-08-15T08:18:07.031000Z,2024-08-14T14:20:57.361171Z,1800,CLMUZNH2,2889,38,Male,White,United States,United States,United States,English,DATA_EXPIRED,Unemployed (and job seeking)
66bcb64e728b6c632c75a56c,6660c807184fe281c748af92,APPROVED,Not Applicable,2024-08-14T13:51:18.184000Z,2024-08-14T14:23:52.193000Z,2024-08-15T08:17:21.882000Z,2024-08-14T14:25:19.327625Z,1955,CLMUZNH2,166,30,Female,Mixed,Ghana,United States,Ghana,English,Yes,Due to start a new job within the next month
66bcb6567965a38d5b4b9336,5ca17355f1e809001169e3c8,APPROVED,Not Applicable,2024-08-14T13:52:05.120000Z,2024-08-14T14:44:01.462000Z,2024-08-15T08:18:07.302000Z,2024-08-14T14:44:02.270094Z,3117,NOCODE,1510,39,Male,White,United States,United States,United States,English,No,Full-Time
66bcb663df64494edea1dfc6,62ffff87542a225243a6e6a6,APPROVED,Not Applicable,2024-08-14T13:51:36.639000Z,2024-08-14T14:21:30.795000Z,2024-08-15T08:18:07.602000Z,2024-08-14T14:21:31.870091Z,1795,CLMUZNH2,461,23,Male,White,United States,United States,United States,English,Yes,DATA_EXPIRED
66bcb67a025a4c853a9bd90f,6689462059b968386fbcedbf,APPROVED,Not Applicable,2024-08-14T13:52:09.657000Z,2024-08-14T14:22:52.148000Z,2024-08-15T08:17:22.177000Z,2024-08-14T14:24:47.460485Z,1843,CLMUZNH2,170,24,Female,Mixed,United States,United States,United States,English,Yes,Full-Time
66bcb683864b49e451c6c790,66a82468779f1111568f6ba1,APPROVED,Not Applicable,2024-08-14T13:52:08.504000Z,2024-08-14T14:38:33.184000Z,2024-08-15T08:17:22.497000Z,2024-08-14T14:40:07.564110Z,2785,clmuznh2,17,36,Female,Other,Puerto Rico,United States,Puerto Rico,English,No,DATA_EXPIRED
66bcb6891856528fab58434b,59a1ddac5dfd6b000152601f,APPROVED,Not Applicable,2024-08-14T13:52:09.816000Z,2024-08-14T14:48:10.446000Z,2024-08-15T08:18:07.897000Z,2024-08-14T14:48:11.765300Z,3361,CLMUZNH2,2758,37,Male,White,United States,United States,United States,English,DATA_EXPIRED,DATA_EXPIRED
66bcb6935cb17f3430e67b02,65f4e1f8008a169d7ecde720,APPROVED,Not Applicable,2024-08-14T13:53:26.725000Z,2024-08-14T14:27:59.225000Z,2024-08-15T08:16:29.504000Z,2024-08-14T14:27:59.924941Z,2073,CLMUZNH2,175,22,Male,White,United States,United States,United States,English,Yes,Other
66bcb69c7f8a38f334092135,66a6946cc847771e7c1cbe73,APPROVED,Not Applicable,2024-08-14T13:52:34.712000Z,2024-08-14T14:02:34.126000Z,2024-08-15T08:17:22.821000Z,2024-08-14T14:03:39.653121Z,600,NOCODE,41,32,Female,White,Sweden,United States,Sweden,Swedish,No,Other
66bcb6a54ee4debf4424eb29,5b6cf2c61b61b60001bc0678,APPROVED,Not Applicable,2024-08-14T13:52:42.512000Z,2024-08-14T14:41:41.325000Z,2024-08-15T08:16:29.945000Z,2024-08-14T14:41:42.413955Z,2939,CLMUZNH2,1433,25,Male,White,United States,United States,United States,English,No,DATA_EXPIRED
66bcb6b15431dff95518a6dc,6631762f0d4a36092bc1d01e,APPROVED,Not Applicable,2024-08-14T13:52:57.698000Z,2024-08-14T14:25:15.753000Z,2024-08-15T08:17:23.558000Z,2024-08-14T14:25:43.404661Z,1939,CLMUZNH2,164,33,Female,Asian,United States,United States,United States,English,No,Part-Time
66bcb6d340112110d9338b4f,6575ef5ee4594000e0c8032c,APPROVED,Not Applicable,2024-08-14T13:53:36.436000Z,2024-08-14T14:57:37.710000Z,2024-08-15T08:17:23.852000Z,2024-08-14T14:59:04.262580Z,3842,in progress,367,31,Female,Black,Nigeria,United States,Nigeria,English,Yes,Full-Time
66bcb6d626dea7c994ec5829,66992af04466c13e83c97665,APPROVED,Not Applicable,2024-08-14T13:56:37.859000Z,2024-08-14T14:33:47.318000Z,2024-08-15T08:17:24.155000Z,2024-08-14T14:35:15.283974Z,2230,CLMUZNH2,9,28,Female,Black,United States,United States,United States,English,Yes,DATA_EXPIRED
66bcb6d71047fbf3a50f026e,665e299ae07116340f552257,APPROVED,Not Applicable,2024-08-14T13:53:33.080000Z,2024-08-14T14:23:36.764000Z,2024-08-15T08:17:24.420000Z,2024-08-14T14:25:07.423048Z,1804,CLMUZNH2,275,31,Female,White,United States,United States,United States,English,No,Part-Time
66bcb6d9cd80984277f7c3ec,655f8c42a20c94f85160d5dc,APPROVED,Not Applicable,2024-08-14T14:01:28.630000Z,2024-08-14T14:53:15.023000Z,2024-08-15T08:17:24.736000Z,2024-08-14T14:53:26.042320Z,3107,CLMUZNH2,1145,37,Female,Black,United States,United States,United States,English,No,Part-Time
66bcb6f086b6efd7bfba4011,6637fc287f16270ca8025b20,APPROVED,Not Applicable,2024-08-14T13:53:55.085000Z,2024-08-14T14:29:40.974000Z,2024-08-15T08:16:30.278000Z,2024-08-14T14:29:41.622276Z,2146,CLMUZNH2,282,30,Male,Asian,United States,United States,Korea,English,No,Unemployed (and job seeking)
66bcb70fb790374f4a87c985,63de07747845d88c4962eff2,APPROVED,Not Applicable,2024-08-14T13:55:01.061000Z,2024-08-14T14:25:10.133000Z,2024-08-15T08:17:25.017000Z,2024-08-14T14:25:43.022174Z,1810,CLMUZNH2,708,24,Female,Asian,United States,United States,United States,Vietnamese,DATA_EXPIRED,DATA_EXPIRED
66bcb71aeb033790dedb4b51,65d87f13aa1b29670a82a47c,APPROVED,Not Applicable,2024-08-14T14:01:06.161000Z,2024-08-14T14:51:18.726000Z,2024-08-15T08:16:31.124000Z,2024-08-14T14:52:54.388800Z,3013,CLMUZNH2,472,20,Male,Black,Nigeria,United States,Nigeria,English,No,Full-Time
66bcb7227b00d0c95818863d,66154557c058526ce9f1cfe2,APPROVED,Not Applicable,2024-08-14T13:56:54.650000Z,2024-08-14T14:37:52.573000Z,2024-08-15T08:17:25.298000Z,2024-08-14T14:40:00.008162Z,2458,CLMUZNH2,341,38,Female,Black,Nigeria,United States,Nigeria,English,No,Full-Time
66bcb7261e9697f3da398448,66b9ed5de8c138b5550935bb,APPROVED,Not Applicable,2024-08-14T13:55:05.048000Z,2024-08-14T14:37:27.363000Z,2024-08-15T08:16:31.494000Z,2024-08-14T14:39:54.073761Z,2543,CLMUZNH2,5,22,Male,White,United States,United States,United States,English,No,Full-Time
66bcb72d2bb8b5a40ddf3f93,5dd55652f30aa650f027e1c2,APPROVED,Not Applicable,2024-08-14T13:54:57.746000Z,2024-08-14T14:31:21.258000Z,2024-08-15T08:16:31.818000Z,2024-08-14T14:31:22.066532Z,2184,CLMUZNH2,6506,30,Male,Black,United States,United States,United States,DATA_EXPIRED,DATA_EXPIRED,DATA_EXPIRED
66bcb7303e7904848bcd64b1,665f8a895d3ad810cdc3b95d,APPROVED,Not Applicable,2024-08-14T13:55:05.543000Z,2024-08-14T13:56:10.007000Z,2024-08-15T08:17:25.600000Z,2024-08-14T13:57:14.661457Z,65,NOCODE,29,34,Female,White,Germany,United States,Turkey,English,No,"Not in paid work (e.g. homemaker', 'retired or disabled)"
66bcb738a671170ed4ac7ea2,66a2e7cb1d9c242e4a7116cc,APPROVED,Not Applicable,2024-08-14T13:55:10.542000Z,2024-08-14T14:31:11.325000Z,2024-08-15T08:17:25.931000Z,2024-08-14T14:31:11.848534Z,2161,CLMUZNH2,47,39,Female,White,Canada,United States,Canada,English,No,DATA_EXPIRED
66bcb743c70e8e3e2515bd7b,66a2b84f0b8100bf9c57775d,APPROVED,Not Applicable,2024-08-14T13:55:21.775000Z,2024-08-14T14:26:41.846000Z,2024-08-15T08:16:32.142000Z,2024-08-14T14:26:42.488171Z,1881,CLMUZNH2,45,39,Male,White,United States,United States,United States,English,No,Full-Time
66bcb7467d896d75f1f6f384,66b3e078bef7d6dd6c53e015,APPROVED,Not Applicable,2024-08-14T13:56:12.709000Z,2024-08-14T14:26:23.183000Z,2024-08-15T08:17:26.222000Z,2024-08-14T14:26:23.835539Z,1811,CLMUZNH2,8,40,Female,White,United States,United States,United States,English,No,Part-Time
66bcb747dff5991cf61b84db,6620fecfe2c99262b7f99f0e,APPROVED,Not Applicable,2024-08-14T13:56:34.270000Z,2024-08-14T14:30:07.850000Z,2024-08-15T08:17:26.505000Z,2024-08-14T14:30:08.759271Z,2014,CLMUZNH2,221,26,Female,Black,Ghana,United States,United States,English,Yes,Full-Time
66bcb76bf427a1c27083d3f5,6695eedc01d51b60417aecf7,APPROVED,Not Applicable,2024-08-14T13:56:12.318000Z,2024-08-14T14:29:06.257000Z,2024-08-15T08:16:32.459000Z,2024-08-14T14:29:06.968185Z,1974,CLMUZNH2,27,33,Male,Black,United States,United States,United States,English,No,DATA_EXPIRED
66bcb770e4bb9f260ccc72d8,65a69f275e46e6f8e6c66e55,APPROVED,Not Applicable,2024-08-14T13:56:04.838000Z,2024-08-14T14:25:29.744000Z,2024-08-15T08:16:32.779000Z,2024-08-14T14:25:46.127882Z,1765,CLMUZNH2,1083,39,Male,Asian,Korea,United States,United States,English,Yes,Full-Time
66bcb771ba9186ab3ce1e35f,63039dbefda87c47a91fec04,APPROVED,Not Applicable,2024-08-14T14:00:38.378000Z,2024-08-14T14:38:28.259000Z,2024-08-15T08:16:33.159000Z,2024-08-14T14:40:06.936286Z,2270,CLMUZNH2,3007,37,Male,Black,United States,United States,United States,English,No,Part-Time
66bcb7747bbb42b424387e3c,66aca55c814b1f47defa49cc,APPROVED,Not Applicable,2024-08-14T13:56:42.124000Z,2024-08-14T14:43:48.487000Z,2024-08-15T08:16:33.518000Z,2024-08-14T14:43:49.548118Z,2827,NOCODE,23,28,Male,Black,United States,United States,United States,English,DATA_EXPIRED,DATA_EXPIRED
66bcb77aed3a74f925bd0242,611131e47725f6a04c723651,APPROVED,Not Applicable,2024-08-14T13:56:15.779000Z,2024-08-14T14:27:06.036000Z,2024-08-15T08:17:26.859000Z,2024-08-14T14:27:06.833274Z,1851,CLMUZNH2,2827,29,Female,White,United States,United States,United States,English,No,Unemployed (and job seeking)
66bcb77ec4b4f2c45b10a762,60b8242021561f7827855c02,APPROVED,Not Applicable,2024-08-14T13:58:50.447000Z,2024-08-14T14:36:15.725000Z,2024-08-15T08:17:27.181000Z,2024-08-14T14:37:10.711600Z,2246,CLMUZNH2,4641,38,Female,White,United States,United States,United States,English,No,Other
66bcb77efbaa12cc63b5cb0a,5c5c7f9cdff4b30001aa79a5,APPROVED,Not Applicable,2024-08-14T13:56:20.126000Z,2024-08-14T14:42:50.390000Z,2024-08-15T08:16:33.998000Z,2024-08-14T14:42:51.494602Z,2791,CLMUZNH2,333,34,Male,White,United States,United States,United States,English,No,DATA_EXPIRED
66bcb785953ed9b0d5f654f6,66a8ef5d509ebbbe09894752,APPROVED,Not Applicable,2024-08-14T13:57:44.014000Z,2024-08-14T14:49:56.711000Z,2024-08-15T08:16:34.328000Z,2024-08-14T14:52:24.408412Z,3133,CLMUZNH2,46,24,Male,Black,Nigeria,United States,United States,English,DATA_EXPIRED,DATA_EXPIRED
66bcb785b3b9a375c5f501b3,6554ea58c859388bc801973c,APPROVED,Not Applicable,2024-08-14T13:56:26.730000Z,2024-08-14T14:30:30.926000Z,2024-08-15T08:17:27.464000Z,2024-08-14T14:30:31.499734Z,2045,CLMUZNH2,1404,40,Female,Mixed,United States,United States,United States,English,No,Unemployed (and job seeking)
66bcb79c17376d370636ecd6,6678a880e2ce2ba0e38b0d17,APPROVED,Not Applicable,2024-08-14T13:56:50.835000Z,2024-08-14T15:02:00.851000Z,2024-08-15T08:16:34.715000Z,2024-08-14T15:02:01.974849Z,3911,CLMUZNH2,202,22,Male,Black,Nigeria,United States,Nigeria,English,DATA_EXPIRED,Full-Time
66bcb7a0df64494edea1dfeb,66a3aa33d6842d1f0069977f,APPROVED,Not Applicable,2024-08-14T13:56:57.129000Z,2024-08-14T14:32:18.069000Z,2024-08-15T08:16:35.049000Z,2024-08-14T14:32:19.024461Z,2121,CLMUZNH2,48,30,Male,Black,Nigeria,United States,Nigeria,English,Yes,Part-Time
66bcb7ac48684124981cac6c,6400e3697879c55c323f34d0,APPROVED,Not Applicable,2024-08-14T13:57:18.880000Z,2024-08-14T14:34:41.692000Z,2024-08-15T08:16:35.396000Z,2024-08-14T14:35:55.616168Z,2243,CLMUZNH2,2312,31,Male,White,United States,United States,United States,English,No,DATA_EXPIRED
66bcb7b23ac0a23d5f85c2bf,661017f723983f48d9f730e1,APPROVED,Not Applicable,2024-08-14T13:57:32.521000Z,2024-08-14T15:03:23.931000Z,2024-08-15T08:16:35.787000Z,2024-08-14T15:03:24.853727Z,3952,CLMUZNH2,403,24,Male,White,United States,United States,United States,English,No,Full-Time
66bcb7b2c25ae16687c5376c,66a39afaa6d670fb29d7d2a5,APPROVED,Not Applicable,2024-08-14T13:57:14.433000Z,2024-08-14T14:35:17.210000Z,2024-08-15T08:16:36.142000Z,2024-08-14T14:36:22.097809Z,2283,CLMUZNH2,98,38,Male,Black,France,United States,United States,English,Yes,Full-Time
66bcb7b44a98748e30aec8de,65ca8840fffb36c21fe83b01,APPROVED,Not Applicable,2024-08-14T13:57:33.856000Z,2024-08-14T14:28:42.219000Z,2024-08-15T08:17:27.736000Z,2024-08-14T14:28:43.635235Z,1869,CLMUZNH2,168,35,Female,Black,United States,United States,United States,English,No,Full-Time
66bcb7b85d182838b25ff73a,666c88b9d74e89acb4f92aaf,APPROVED,Not Applicable,2024-08-14T13:57:19.320000Z,2024-08-14T14:27:47.811000Z,2024-08-15T08:17:28.025000Z,2024-08-14T14:27:48.511487Z,1829,CLMUZNH2,278,40,Female,White,United States,United States,United States,English,No,"Not in paid work (e.g. homemaker', 'retired or disabled)"
66bcb7c1eb033790dedb4b74,66ad17a1bf7ba4e8fb39a9c8,APPROVED,Not Applicable,2024-08-14T13:57:26.237000Z,2024-08-14T14:33:24.107000Z,2024-08-15T08:17:28.326000Z,2024-08-14T14:35:05.999200Z,2158,CLMUZNH2,46,29,Female,White,Romania,United States,Romania,Romanian,No,Part-Time
66bcb7c2291f2877ccfc54bd,656a035644236f469bf144c1,APPROVED,Not Applicable,2024-08-14T13:57:33.166000Z,2024-08-14T14:49:59.693000Z,2024-08-15T08:17:28.602000Z,2024-08-14T14:52:25.524942Z,3147,CLMUZNH2,230,28,Female,Black,United States,United States,United States,English,Yes,"Not in paid work (e.g. homemaker', 'retired or disabled)"
66bcb7cb1e9697f3da398464,664df004fc7d9dafa3ab20df,APPROVED,Not Applicable,2024-08-14T13:57:36.674000Z,2024-08-14T14:31:49.268000Z,2024-08-15T08:16:36.497000Z,2024-08-14T14:31:50.567159Z,2053,CLMUZHN2,220,35,Male,Asian,China,United States,DATA_EXPIRED,Chinese,No,Full-Time
66bcb7cec441e7bece140b3d,667e81c643fc0a5c5f11b106,APPROVED,Not Applicable,2024-08-14T13:57:52.859000Z,2024-08-14T14:56:38.309000Z,2024-08-15T08:16:36.841000Z,2024-08-14T14:58:49.229275Z,3526,CLMUZNH2,114,25,Male,Mixed,DATA_EXPIRED,United States,United States,English,DATA_EXPIRED,DATA_EXPIRED
66bcb7d06c786a801543c3fc,66954bb22fc80f82444064e6,APPROVED,Not Applicable,2024-08-14T13:57:50.306000Z,2024-08-14T14:45:09.357000Z,2024-08-15T08:16:37.176000Z,2024-08-14T14:46:38.179071Z,2840,CLMUZNH2,92,24,Male,White,United States,United States,United States,English,No,Full-Time
66bcb7dc7bfd3dd244bd185c,65ad37a40d19c949e9421f45,APPROVED,Not Applicable,2024-08-14T13:58:04.437000Z,2024-08-14T14:37:58.858000Z,2024-08-15T08:17:28.903000Z,2024-08-14T14:40:01.024821Z,2395,CLMUZNH2,71,27,Female,Mixed,United States,United States,United States,English,DATA_EXPIRED,DATA_EXPIRED
66bcb7df5431dff95518a731,60c74f8ac99ca26738017a44,APPROVED,Not Applicable,2024-08-14T13:57:59.902000Z,2024-08-14T14:35:47.572000Z,2024-08-15T08:17:29.199000Z,2024-08-14T14:36:49.127691Z,2268,CLMUZNH2,741,22,Female,Black,United States,United States,United States,English,Yes,Part-Time
66bcb7e645518ef85c15bd0f,66abb0c888206499808c84f6,APPROVED,Not Applicable,2024-08-14T13:58:02.780000Z,2024-08-14T14:51:12.412000Z,2024-08-15T08:17:29.487000Z,2024-08-14T14:52:52.561684Z,3190,NOCODE,43,36,Female,White,United States,United States,United States,English,No,Full-Time
66bcb7e8c4b4f2c45b10a774,66844c0b7205d6fe89e5dd6b,APPROVED,Not Applicable,2024-08-14T13:58:22.865000Z,2024-08-14T15:02:26.351000Z,2024-08-15T08:16:37.496000Z,2024-08-14T15:02:27.693543Z,3844,CLMUZNH2,94,30,Male,Black,United States,United States,United States,English,No,Full-Time
66bcb7f19691659a0df83392,5deb3ffdf375c625fa83bac7,APPROVED,Not Applicable,2024-08-14T13:58:12.219000Z,2024-08-14T14:44:02.672000Z,2024-08-15T08:16:37.855000Z,2024-08-14T14:44:04.073894Z,2751,CLMUZNH2,4742,26,Male,Black,United States,United States,United States,English,DATA_EXPIRED,DATA_EXPIRED
66bcb7f408595a6e22515f7b,6677328704eab5e142f81a4c,APPROVED,Not Applicable,2024-08-14T13:58:31.855000Z,2024-08-14T14:43:47.170000Z,2024-08-15T08:16:38.264000Z,2024-08-14T14:43:47.865191Z,2716,CLMUZNH2,49,32,Male,Black,Ghana,United States,United States,English,Yes,Full-Time
66bcb7f83dfc7fa346ca18e3,660de458dbb8f42c568036db,APPROVED,Not Applicable,2024-08-14T13:58:21.217000Z,2024-08-14T14:33:00.822000Z,2024-08-15T08:16:38.606000Z,2024-08-14T14:34:42.354405Z,2080,CLMUZNH2,42,20,Male,White,United States,United States,United States,English,No,Unemployed (and job seeking)
66bcb7f909fa678becba3f75,667f4874175dc50c54160677,APPROVED,Not Applicable,2024-08-14T13:58:32.636000Z,2024-08-14T14:43:32.604000Z,2024-08-15T08:17:29.814000Z,2024-08-14T14:43:33.702868Z,2700,CLMUZNH2,130,31,Female,Mixed,United States,United States,United States,English,Yes,DATA_EXPIRED
66bcb80efdab442c177d240a,66b220cf1ce09baf1a2fa5d4,APPROVED,Not Applicable,2024-08-14T13:58:43.519000Z,2024-08-14T14:08:40.368000Z,2024-08-15T08:17:30.141000Z,2024-08-14T14:09:37.556012Z,597,36098,29,32,Female,Asian,United States,United States,United States,Chinese,No,Full-Time
66bcb817f8dcc6116f8cf50f,610971868fe9338237d6b193,APPROVED,Not Applicable,2024-08-14T13:58:58.687000Z,2024-08-14T14:49:24.927000Z,2024-08-15T08:17:30.438000Z,2024-08-14T14:49:26.204943Z,3027,CLMUZNH2,609,38,Female,Asian,United States,United States,Philippines,English,DATA_EXPIRED,DATA_EXPIRED
66bcb83138f19543a036657f,60c2b160526d0ae3b07ca006,APPROVED,Not Applicable,2024-08-14T13:59:13.555000Z,2024-08-14T14:44:46.664000Z,2024-08-15T08:16:38.926000Z,2024-08-14T14:44:47.452425Z,2734,CLMUZNH2,5717,33,Male,White,United States,United States,United States,English,DATA_EXPIRED,Full-Time
66bcb838235bc8cbb733df44,668163f802df007e5f90b4b7,APPROVED,Not Applicable,2024-08-14T14:02:32.996000Z,2024-08-14T14:56:02.462000Z,2024-08-15T08:16:39.305000Z,2024-08-14T14:58:33.325481Z,3210,CLMUZNH2,150,33,Male,Black,Nigeria,United States,United States,English,No,DATA_EXPIRED
66bcb8389a621a3c9c7d8cb9,668275e5463e58b1aef48119,APPROVED,Not Applicable,2024-08-14T13:59:34.273000Z,2024-08-14T14:48:38.263000Z,2024-08-15T08:16:39.623000Z,2024-08-14T15:48:42.217444Z,2944,CLMUZNH2,27,23,Male,Black,Nigeria,United States,Nigeria,English,No,Part-Time
66bcb84110e3f4c68611875f,5f331fb84158171233e6f0a3,APPROVED,Not Applicable,2024-08-14T13:59:37.783000Z,2024-08-14T14:36:14.711000Z,2024-08-15T08:16:39.940000Z,2024-08-14T14:37:08.618838Z,2197,CLMUZNH2,3030,39,Male,Asian,United States,United States,United States,Chinese,No,Full-Time
66bcb843fdd38158953c5a75,662bf78effa3092c9dec1dff,APPROVED,Not Applicable,2024-08-14T13:59:38.574000Z,2024-08-14T14:42:50.933000Z,2024-08-15T08:16:40.242000Z,2024-08-14T14:42:51.818774Z,2593,CLMUZNH2,290,30,Male,Black,Ghana,United States,United States,English,Yes,Full-Time
66bcb844f96a7272538c539c,5cd48ff6b453740016aa70b0,APPROVED,Not Applicable,2024-08-14T13:59:39.288000Z,2024-08-14T14:34:18.487000Z,2024-08-15T08:16:40.527000Z,2024-08-14T14:35:34.564909Z,2080,CLMUZNH2,417,30,Male,White,United States,United States,United States,English,No,Full-Time
66bcb84cc70e8e3e2515bd9d,6138c15bd47ecca8b56a704f,APPROVED,Not Applicable,2024-08-14T13:59:55.810000Z,2024-08-14T15:05:19.126000Z,2024-08-15T08:17:30.719000Z,2024-08-14T15:05:20.736246Z,3924,CLMUZNH2,1318,34,Female,White,United States,United States,United States,English,DATA_EXPIRED,DATA_EXPIRED
66bcb85cb58d32e7efba8e4b,663d0868fb3dee11f3b0f925,APPROVED,Not Applicable,2024-08-14T14:00:04.539000Z,2024-08-14T14:34:46.115000Z,2024-08-15T08:17:31.016000Z,2024-08-14T14:35:59.681461Z,2082,CLMUZNH2,237,34,Female,White,United States,United States,United States,English,No,Part-Time
66bcb860a058207f274fdad4,632b3017a1169b3aa44c0d66,APPROVED,Not Applicable,2024-08-14T14:00:20.241000Z,2024-08-14T14:39:04.139000Z,2024-08-15T08:16:40.867000Z,2024-08-14T14:40:11.227642Z,2324,CLMUZNH2,3029,33,Male,Black,United States,United States,United States,English,DATA_EXPIRED,Full-Time
66bcb861dd3c01a9cedae2b7,6686a311e31819970c7060d0,APPROVED,Not Applicable,2024-08-14T14:00:12.262000Z,2024-08-14T14:47:54.711000Z,2024-08-15T08:16:41.143000Z,2024-08-14T14:47:58.821602Z,2863,CLMUZNH2,241,25,Male,White,United States,United States,United States,English,Yes,DATA_EXPIRED
66bcb871d6e76a8f6cf9d7f1,66b7d1f9533695209926ffb3,APPROVED,Not Applicable,2024-08-14T14:00:25.301000Z,2024-08-14T14:44:48.127000Z,2024-08-15T08:16:41.430000Z,2024-08-14T14:44:49.372016Z,2663,CLMUZNH2,13,20,Male,Black,United States,United States,United States,English,Yes,Part-Time
66bcb8798a6648d7935438dc,5fa883c9bd81737431af4d49,APPROVED,Not Applicable,2024-08-14T14:01:36.348000Z,2024-08-14T14:40:59.408000Z,2024-08-15T08:17:31.314000Z,2024-08-14T14:41:01.277375Z,2364,CLMUZNH2,2042,35,Female,White,United States,United States,United States,English,No,Full-Time
66bcb8a685a02e487900dda0,65c1512b51dc8b722a7fe306,APPROVED,Not Applicable,2024-08-14T14:01:20.159000Z,2024-08-14T14:34:20.088000Z,2024-08-15T08:17:31.606000Z,2024-08-14T14:35:35.673014Z,1980,CLMUZNH2,929,36,Female,Black,United States,United States,United States,English,No,Full-Time
66bcb8b69a621a3c9c7d8cd6,5eeba783164680119f2e30c7,APPROVED,Not Applicable,2024-08-14T14:04:17.240000Z,2024-08-14T14:41:45.794000Z,2024-08-15T08:17:31.880000Z,2024-08-14T14:41:46.609267Z,2249,CLMUZNH2,4845,28,Female,Black,United States,United States,United States,English,No,Other
66bcb8cf45518ef85c15bd2b,65f0c969838dcca4426e24a3,APPROVED,Not Applicable,2024-08-14T14:02:00.288000Z,2024-08-14T14:44:40.355000Z,2024-08-15T08:17:32.148000Z,2024-08-14T14:44:41.291602Z,2561,CLMUZNH2,706,24,Female,Black,United States,United States,United States,English,Yes,Part-Time
66bcb8cf855b50e0f577dfd8,65de203cc095e54d2444d4a8,APPROVED,Not Applicable,2024-08-14T14:02:20.824000Z,2024-08-14T14:42:39.152000Z,2024-08-15T08:17:32.422000Z,2024-08-14T14:42:40.251912Z,2419,CLMUZNH2,614,33,Female,Black,Nigeria,United States,Nigeria,English,No,Full-Time
66bcb8cfba1619c089fec97a,66acfa7b4f1be1a84aaa0638,APPROVED,Not Applicable,2024-08-14T14:01:56.153000Z,2024-08-14T14:38:15.142000Z,2024-08-15T08:16:41.725000Z,2024-08-14T14:40:03.883241Z,2179,CLMUZNH2,41,36,Male,Asian,Philippines,United States,Philippines,Tagalog-Filipino,No,Unemployed (and job seeking)
66bcb8e27d896d75f1f6f3c2,6172ba772342dcc9343a29db,APPROVED,Not Applicable,2024-08-14T14:03:11.616000Z,2024-08-14T14:42:36.467000Z,2024-08-15T08:17:32.711000Z,2024-08-14T14:42:37.564550Z,2365,CLMUZNH2,1210,35,Female,White,United States,United States,United States,English,No,Full-Time
66bcb8e3649e8d358de4590e,66a6b0310b48d0e4f32673a2,APPROVED,Not Applicable,2024-08-14T14:02:31.957000Z,2024-08-14T14:40:20.845000Z,2024-08-15T08:17:32.988000Z,2024-08-14T14:40:21.877829Z,2269,CLMUZNH2,76,21,Female,Mixed,Ghana,United States,United States,English,Yes,Other
66bcb8fa76e9577f9790e031,6652663969df798e71daa55a,APPROVED,Not Applicable,2024-08-14T14:03:23.048000Z,2024-08-14T14:40:24.100000Z,2024-08-15T08:17:33.259000Z,2024-08-14T14:40:24.797545Z,2222,CLMUZNH2,133,30,Female,White,Russian Federation,United States,Russian Federation,Russian,No,Part-Time
66bcb8fc3a36f367d3d5041f,6532afc996aad781b8ade182,APPROVED,Not Applicable,2024-08-14T14:03:42.367000Z,2024-08-14T14:40:59.742000Z,2024-08-15T08:17:33.530000Z,2024-08-14T14:41:00.588438Z,2238,CLMUZNH2,836,36,Female,White,United States,United States,United States,English,DATA_EXPIRED,DATA_EXPIRED
66bcb91decbaae36d42431fc,66b5584b6f482e66fde8fb49,APPROVED,Not Applicable,2024-08-14T14:03:18.885000Z,2024-08-14T14:18:51.822000Z,2024-08-15T08:17:33.806000Z,2024-08-14T14:20:42.039119Z,933,NOCODE,13,24,Female,Black,United States,United States,United States,English,No,Due to start a new job within the next month
66bcb92108595a6e22515fb2,611e64ad7ea7083dd09ce1dc,APPROVED,Not Applicable,2024-08-14T14:03:29.837000Z,2024-08-14T14:42:36.865000Z,2024-08-15T08:17:34.074000Z,2024-08-14T14:42:38.168450Z,2348,CLMUZNH2,942,30,Female,White,United States,United States,United States,English,No,Full-Time
66bcb92a25a9d909a0438f0f,668dcd1f9dd44752b86c48a0,APPROVED,Not Applicable,2024-08-14T14:03:27.779000Z,2024-08-14T14:46:07.764000Z,2024-08-15T08:17:34.349000Z,2024-08-14T14:47:12.056369Z,2560,CLMUZNH2,191,28,Female,White,United States,United States,United States,English,Yes,Part-Time
66bcb9382bb8b5a40ddf3fc9,6667fcb5cd7bc1821c94b5e9,APPROVED,Not Applicable,2024-08-14T14:03:47.871000Z,2024-08-14T14:08:16.413000Z,2024-08-15T08:17:34.643000Z,2024-08-14T14:09:34.510046Z,269,NOCODE,57,32,Female,Black,Nigeria,United States,Nigeria,English,Yes,Full-Time
66bcb94fbf205c4bd190e11d,666e57a593be89c7850addc2,APPROVED,Not Applicable,2024-08-14T14:08:48.492000Z,2024-08-14T14:59:06.148000Z,2024-08-15T08:17:34.941000Z,2024-08-14T14:59:23.097506Z,3018,CLMUZNH2,205,23,Female,White,United States,United States,United States,English,No,Full-Time
66bcb959e34da5e15c0aff06,66a2b0a6e137507897f973ba,APPROVED,Not Applicable,2024-08-14T14:04:43.561000Z,2024-08-14T14:49:51.308000Z,2024-08-15T08:17:35.249000Z,2024-08-14T14:49:52.110403Z,2708,CLMUZNH2,92,33,Female,DATA_EXPIRED,United States,United States,United States,English,No,Full-Time
66bcb95a2ed5ffec8777e00f,6643e0a6892f9fea9beb9a5b,APPROVED,Not Applicable,2024-08-14T14:04:14.559000Z,2024-08-14T14:39:30.085000Z,2024-08-15T08:17:35.528000Z,2024-08-14T14:40:16.228236Z,2116,CLMUZNH2,134,35,Female,Mixed,United States,United States,United States,English,No,Part-Time
66bcb96124ef39164fadd132,66a46544fa732e356e956fca,APPROVED,Not Applicable,2024-08-14T14:13:20.916000Z,2024-08-14T14:53:34.106000Z,2024-08-15T08:17:35.835000Z,2024-08-14T14:53:35.354986Z,2414,CLMUZNH2,121,29,Female,White,United States,United States,United States,English,Yes,"Not in paid work (e.g. homemaker', 'retired or disabled)"
66bcb96fba2d19cc14515f5d,66154efa4bc8c53a5f9e0f37,APPROVED,Not Applicable,2024-08-14T14:04:38.639000Z,2024-08-14T14:21:59.125000Z,2024-08-15T08:17:36.149000Z,2024-08-14T14:24:29.853599Z,1041,NOCODE,42,36,Female,Asian,United States,United States,United States,English,No,Due to start a new job within the next month
66bcb971701e184964e2a174,59f224ce40333e00017edfe8,APPROVED,Not Applicable,2024-08-14T14:04:38.233000Z,2024-08-14T14:59:03.288000Z,2024-08-15T08:17:36.425000Z,2024-08-14T14:59:22.876652Z,3266,CLMUZNH2,6124,38,Female,White,United States,United States,United States,English,No,Full-Time
66bcb97ca62057a238a0f142,5c9c3ae2d40ce20014233de6,APPROVED,Not Applicable,2024-08-14T14:04:49.605000Z,2024-08-14T14:39:22.927000Z,2024-08-15T08:17:36.691000Z,2024-08-14T14:40:15.380558Z,2074,CLMUZNH2,5268,36,Female,White,United States,United States,United States,English,No,Part-Time
66bcb97dbc8b4cf56fdb6028,66a8f61270fb94f3e4562e3e,APPROVED,Not Applicable,2024-08-14T14:04:55.463000Z,2024-08-14T14:40:06.637000Z,2024-08-15T08:16:42.072000Z,2024-08-14T14:40:19.949668Z,2112,CLMUZNH2,62,30,Male,Asian,Philippines,United States,Philippines,Tagalog-Filipino,No,Full-Time
66bcb9df5652c7e7cd36ebd5,65200d850784dad91e0f2ee9,APPROVED,Not Applicable,2024-08-14T14:06:26.687000Z,2024-08-14T14:53:43.081000Z,2024-08-15T08:17:37.110000Z,2024-08-14T14:53:44.104771Z,2837,NOCODE,291,27,Female,Mixed,United States,United States,United States,English,No,DATA_EXPIRED
66bcb9f9178cc5a172f7c3dc,62c9ed717a2882d689eb27c1,APPROVED,Not Applicable,2024-08-14T14:10:31.183000Z,2024-08-14T14:46:12.544000Z,2024-08-15T08:17:37.393000Z,2024-08-14T14:47:15.200385Z,2142,CLMUZNH2,958,37,Female,White,Azerbaijan,United States,Armenia,Russian,No,Full-Time
66bcb9fc701e184964e2a18c,6699374e25e3f610506d949e,APPROVED,Not Applicable,2024-08-14T14:07:11.881000Z,2024-08-14T14:40:34.623000Z,2024-08-15T08:16:42.341000Z,2024-08-14T14:40:35.385762Z,2003,CLMUZNH2,31,27,Male,White,United States,United States,United States,English,No,DATA_EXPIRED
66bcb9fd824602c97b8c7202,6636554a6d7e6b582fec59ce,APPROVED,Not Applicable,2024-08-14T14:07:01.157000Z,2024-08-14T14:37:45.777000Z,2024-08-15T08:17:37.669000Z,2024-08-14T14:39:59.204552Z,1845,NOCODE,78,36,Female,White,United States,United States,United States,English,No,Full-Time
66bcba022bb8b5a40ddf3fe7,65624dbc33b93e2696f06d1f,APPROVED,Not Applicable,2024-08-14T14:07:05.842000Z,2024-08-14T14:23:45.522000Z,2024-08-15T08:17:37.931000Z,2024-08-14T14:25:13.707713Z,1000,NOCODE,457,27,Female,Black,United States,United States,United States,English,Yes,Unemployed (and job seeking)
66bcba095bd344af8264c432,66a7fe579f334f72a2b3e59c,APPROVED,Not Applicable,2024-08-14T14:07:21.164000Z,2024-08-14T14:43:10.665000Z,2024-08-15T08:17:38.206000Z,2024-08-14T14:43:11.643978Z,2150,CLMUZNH2,45,31,Female,Mixed,United States,United States,United States,English,No,Unemployed (and job seeking)
66bcba37229402b4c3ba8cb5,5d53bffa147a7d00015aae5a,APPROVED,Not Applicable,2024-08-14T14:07:51.197000Z,2024-08-14T14:43:18.332000Z,2024-08-15T08:17:38.668000Z,2024-08-14T14:43:20.651483Z,2128,CLMUZNH2,3391,31,Female,White,United States,United States,United States,English,No,Full-Time
66bcba44e622f29ae1ac7db4,66a030cb2b449ce5c9a783f8,APPROVED,Not Applicable,2024-08-14T14:08:12.274000Z,2024-08-14T14:46:23.215000Z,2024-08-15T08:17:38.940000Z,2024-08-14T14:47:35.513111Z,2291,CLMUZNH2,114,32,Female,White,United States,United States,United States,English,Yes,Due to start a new job within the next month
66bcba50dff5991cf61b8556,6651f040bd648ae9521b3341,APPROVED,Not Applicable,2024-08-14T14:08:21.010000Z,2024-08-14T15:06:04.956000Z,2024-08-15T08:17:39.265000Z,2024-08-14T15:06:05.886301Z,3464,NOCODE,105,36,Female,White,United States,United States,United States,English,No,Other
66bcba8e6ec95ecd24fd20ea,66467f5703bc98ffca9a248c,APPROVED,Not Applicable,2024-08-14T14:09:29.196000Z,2024-08-14T14:42:26.643000Z,2024-08-15T08:16:42.635000Z,2024-08-14T14:42:27.211177Z,1978,CLMUZNH2,428,31,Male,Asian,Hong Kong,United States,United States,English,No,Part-Time
66bcbab3cf435bffc5408ba5,5e72ca5b264abb21732427cf,APPROVED,Not Applicable,2024-08-14T14:12:49.454000Z,2024-08-14T14:45:46.656000Z,2024-08-15T08:17:39.565000Z,2024-08-14T14:46:59.107916Z,1978,CLMUZNH2,3258,40,Female,Asian,Pakistan,United States,Pakistan,Urdu,No,"Not in paid work (e.g. homemaker', 'retired or disabled)"
66bcbab4f5cb31745d1b3119,62b473736986d2b27c1427d2,APPROVED,Not Applicable,2024-08-14T14:10:04.422000Z,2024-08-14T14:44:22.888000Z,2024-08-15T08:16:42.932000Z,2024-08-14T14:44:24.185394Z,2059,CLMUZNH2,5235,36,Male,White,United States,United States,United States,English,DATA_EXPIRED,Full-Time
66bcbabb11ef3087c385c24c,662cb27e1b45da5321875d75,APPROVED,Not Applicable,2024-08-14T14:10:13.402000Z,2024-08-14T14:25:12.971000Z,2024-08-15T08:17:39.852000Z,2024-08-14T14:25:43.019853Z,900,NOCODE,142,39,Female,Black,United States,United States,United States,English,DATA_EXPIRED,DATA_EXPIRED
66bcbad097b3cd6ebcc4433e,640c3e718d10af5614ee82ee,APPROVED,Not Applicable,2024-08-14T14:10:37.741000Z,2024-08-14T14:46:18.640000Z,2024-08-15T08:16:43.232000Z,2024-08-14T14:47:20.920124Z,2141,CLMUZNH2,2036,38,Male,Black,Nigeria,United States,Nigeria,English,No,Full-Time
66bcbb277d896d75f1f6f449,6682a75cb5361d7c8c9b6eac,APPROVED,Not Applicable,2024-08-14T14:12:00.093000Z,2024-08-14T14:58:40.883000Z,2024-08-15T08:16:43.519000Z,2024-08-14T14:59:18.563790Z,2801,CLMUZNH2,117,30,Male,Black,United States,United States,United States,English,No,Full-Time
66bcbb50b174013b4e140baf,64294cae8d5cae1b2ed48562,APPROVED,Not Applicable,2024-08-14T14:12:40.962000Z,2024-08-14T14:57:34.781000Z,2024-08-15T08:16:43.803000Z,2024-08-14T14:59:03.767334Z,2694,CLMUZNH2,2462,37,Male,Black,United States,United States,United States,English,DATA_EXPIRED,DATA_EXPIRED
66bcbb6fba9186ab3ce1e400,664644138e5743a320b474c9,APPROVED,Not Applicable,2024-08-14T14:13:21.496000Z,2024-08-14T14:46:06.539000Z,2024-08-15T08:17:40.585000Z,2024-08-14T14:47:11.545646Z,1966,CLMUZNH2,83,37,Female,White,United States,United States,United States,English,No,Part-Time
66bcbb7f51b4368002652d7e,65981a1325b701ea0f820160,APPROVED,Not Applicable,2024-08-14T14:13:24.495000Z,2024-08-14T14:46:49.871000Z,2024-08-15T08:17:40.852000Z,2024-08-14T14:47:38.994842Z,2006,CLMUZNH2,1076,32,Female,White,United States,United States,United States,English,No,Full-Time
66bcbba351b02981a4d42b2c,663b52235d299050aeb29aca,APPROVED,Not Applicable,2024-08-14T14:15:31.740000Z,2024-08-14T14:56:14.877000Z,2024-08-15T08:16:44.077000Z,2024-08-14T14:58:38.446572Z,2444,CLMUZNH2,110,33,Male,White,United States,United States,United States,English,DATA_EXPIRED,DATA_EXPIRED
66bcbba9f96a7272538c5423,5ea07a44234e0304542e1c50,APPROVED,Not Applicable,2024-08-14T14:14:07.367000Z,2024-08-14T15:20:06.088000Z,2024-08-15T08:16:44.377000Z,2024-08-14T15:22:22.995955Z,3959,CLMUZNH2,3155,34,Male,Mixed,United States,United States,United States,English,DATA_EXPIRED,DATA_EXPIRED
66bcbbc87c0ffd37f2ff1710,5d5618b69cd0f20015e1ab0d,APPROVED,Not Applicable,2024-08-14T14:14:36.891000Z,2024-08-14T14:46:10.246000Z,2024-08-15T08:17:41.125000Z,2024-08-14T14:47:13.872926Z,1894,CLMUZNH2,5896,29,Female,White,United States,United States,United States,English,DATA_EXPIRED,DATA_EXPIRED
66bcbbe276407dcdf03fc270,664fc41d1e58bb332e5fecf0,APPROVED,Not Applicable,2024-08-14T14:15:05.756000Z,2024-08-14T15:12:28.804000Z,2024-08-15T08:16:44.662000Z,2024-08-14T15:12:29.803390Z,3444,CLMUZNH2,251,31,Male,Black,Ghana,United States,Ghana,English,Yes,Full-Time
66bcbc07907246f9a6de30ba,643938b25859961c24ec8ae2,APPROVED,Not Applicable,2024-08-14T14:15:39.593000Z,2024-08-14T14:45:39.832000Z,2024-08-15T08:16:44.950000Z,2024-08-14T14:46:54.396026Z,1801,CLMUZNH2,610,30,Male,White,United States,United States,United States,English,DATA_EXPIRED,DATA_EXPIRED
66bcbc4d22ad2056fbd3282a,664003b962a847c71db3ebb0,APPROVED,Not Applicable,2024-08-14T14:16:54.628000Z,2024-08-14T14:52:00.129000Z,2024-08-15T08:17:41.415000Z,2024-08-14T14:53:07.330439Z,2106,CLMUZNH2,260,38,Female,Black,Nigeria,United States,Nigeria,English,No,Full-Time
66bcbcbafbaa12cc63b5cc03,6504910c35d87452e508483d,APPROVED,Not Applicable,2024-08-14T14:18:41.079000Z,2024-08-14T14:48:06.444000Z,2024-08-15T08:16:45.231000Z,2024-08-14T14:48:07.082895Z,1766,CLMUZNH2,1111,37,Male,Asian,Thailand,United States,United States,English,DATA_EXPIRED,Unemployed (and job seeking)
66bcbcc4fd1cd93b682b668e,6682bce828fc657c7d9ebab7,APPROVED,Not Applicable,2024-08-14T14:18:59.781000Z,2024-08-14T14:35:26.748000Z,2024-08-15T08:16:45.528000Z,2024-08-14T14:36:28.646244Z,987,NOCODE,114,34,Male,Black,United States,United States,United States,English,No,Full-Time
66bcbcc762a9bacddf639e4c,664e4e02a2ae0239460ff342,APPROVED,Not Applicable,2024-08-14T14:18:51.741000Z,2024-08-14T14:48:47.025000Z,2024-08-15T08:17:41.719000Z,2024-08-14T14:48:47.680242Z,1796,CLMUZNH2,216,22,Female,White,United States,United States,United States,English,Yes,Other
66bcbccce34da5e15c0affa3,666b1a0eba5ba0948938fc20,APPROVED,Not Applicable,2024-08-14T14:19:17.143000Z,2024-08-14T14:51:49.098000Z,2024-08-15T08:16:45.864000Z,2024-08-14T14:53:03.037569Z,1952,CLMUZNH2,180,29,Male,Black,Ghana,United States,United States,English,Yes,Full-Time
66bcbd091cdc1d3ac87e6528,668de1c2d198558b30239a34,APPROVED,Not Applicable,2024-08-14T14:20:00.557000Z,2024-08-14T14:56:59.767000Z,2024-08-15T08:17:42.045000Z,2024-08-14T14:58:55.644855Z,2220,CLMUZNH2,91,23,Female,Black,United States,United States,United States,English,Yes,Part-Time
66bcbd7a2bcb518978191298,669e4ee0a69fe47fb4012705,APPROVED,Not Applicable,2024-08-14T14:23:28.541000Z,2024-08-14T15:14:40.076000Z,2024-08-15T08:17:42.386000Z,2024-08-14T15:14:40.817656Z,3072,CLMUZNH2,63,27,Female,Black,United States,United States,United States,English,Yes,Full-Time
66bcbd9237a32501c94fd0aa,63639d3bbd810ed5c307efc3,APPROVED,Not Applicable,2024-08-14T14:22:45.984000Z,2024-08-14T15:28:43.382000Z,2024-08-15T08:16:46.201000Z,2024-08-14T15:28:45.138907Z,3958,CLMUZNH2,3462,33,Male,Black,United States,United States,United States,English,DATA_EXPIRED,DATA_EXPIRED
66bcbddf995a0dcbdee45971,6682ca57d188afefe8b74732,APPROVED,Not Applicable,2024-08-14T14:23:31.034000Z,2024-08-14T14:53:39.202000Z,2024-08-15T08:17:42.691000Z,2024-08-14T14:53:40.528608Z,1809,CLMUZNH2,168,33,Female,White,United States,United States,United States,English,No,"Not in paid work (e.g. homemaker', 'retired or disabled)"
66bcbe19df60614e2943c53c,558fff05fdf99b3f7aada357,APPROVED,Not Applicable,2024-08-14T14:24:29.994000Z,2024-08-14T14:55:11.199000Z,2024-08-15T08:16:46.526000Z,2024-08-14T14:55:12.311710Z,1842,CLMUZNH2,7315,38,Male,Asian,United States,United States,United States,English,DATA_EXPIRED,DATA_EXPIRED
66bcbe41ae3afa8b2a214e7a,66a11a89ba4d8204d085ef26,APPROVED,Not Applicable,2024-08-14T14:25:11.230000Z,2024-08-14T15:15:05.652000Z,2024-08-15T08:17:42.988000Z,2024-08-14T15:15:09.636480Z,2995,NOCODE,45,30,Female,White,Afghanistan,United States,Afghanistan,Dari,No,Other
66bcbe4338ffa18644c5c0b7,66ad3db3126edf7ff047210e,APPROVED,Not Applicable,2024-08-14T14:25:22.982000Z,2024-08-14T15:02:25.572000Z,2024-08-15T08:16:47.040000Z,2024-08-14T15:02:26.661896Z,2223,CLMUZNH2,39,39,Male,DATA_EXPIRED,United States,United States,United States,English,Yes,Full-Time
66bcbe761e9697f3da398590,6657347ef0b4955605d003b9,APPROVED,Not Applicable,2024-08-14T14:26:21.470000Z,2024-08-14T15:10:17.653000Z,2024-08-15T08:16:47.371000Z,2024-08-14T15:11:16.146129Z,2637,NOCODE,444,31,Male,Black,Ghana,United States,United States,English,Yes,Full-Time
66bcbe7751b4368002652e1d,5f4df2b4bdb2449bd751ce51,APPROVED,Not Applicable,2024-08-14T14:27:55.432000Z,2024-08-14T15:04:33.071000Z,2024-08-15T08:16:48.302000Z,2024-08-14T15:04:33.842632Z,2198,CLMUZNH2,4701,38,Male,White,United States,United States,United States,DATA_EXPIRED,DATA_EXPIRED,DATA_EXPIRED
66bcbebae455edaa80d4d50c,65c10f898294498f2342fd89,APPROVED,Not Applicable,2024-08-14T14:27:16.157000Z,2024-08-14T15:01:24.734000Z,2024-08-15T08:17:43.315000Z,2024-08-14T15:01:25.725802Z,2049,CLMUZNH2,1023,32,Female,Black,United States,United States,United States,English,No,Full-Time
66bcbed2fdd38158953c5bb3,6687f42762d8369d64e50941,APPROVED,Not Applicable,2024-08-14T14:28:22.967000Z,2024-08-14T15:04:08.991000Z,2024-08-15T08:17:43.627000Z,2024-08-14T15:04:10.223218Z,2147,CLMUZNH2,9,22,Female,Mixed,DATA_EXPIRED,United States,DATA_EXPIRED,English,DATA_EXPIRED,Part-Time
66bcbf20bf205c4bd190e24b,66aa86729828056940146509,APPROVED,Not Applicable,2024-08-14T14:28:55.631000Z,2024-08-14T14:58:30.154000Z,2024-08-15T08:17:43.926000Z,2024-08-14T14:59:16.405999Z,1775,CLMUZNH2,11,27,Female,White,United States,United States,United States,English,No,"Not in paid work (e.g. homemaker', 'retired or disabled)"
66bcbf4afaaef51113275993,63d71e67dd0fcccd3cc745b0,APPROVED,Not Applicable,2024-08-14T14:29:39.084000Z,2024-08-14T15:07:59.547000Z,2024-08-15T08:16:48.763000Z,2024-08-14T15:10:23.015511Z,2301,CLMUZNH2,3218,34,Male,White,United States,United States,United States,English,DATA_EXPIRED,DATA_EXPIRED
66bcbf9ded3a74f925bd03b4,6696b0f1e36e0af49549095c,APPROVED,Not Applicable,2024-08-14T14:31:14.566000Z,2024-08-14T15:15:27.862000Z,2024-08-15T08:17:44.249000Z,2024-08-14T15:15:28.475626Z,2654,CLMUZNH2,116,33,Female,Black,Nigeria,United States,United States,English,No,DATA_EXPIRED
66bcbfa454b75fa2d9338adb,669674e91798fcb58e3c281c,APPROVED,Not Applicable,2024-08-14T14:31:19.496000Z,2024-08-14T15:06:05.894000Z,2024-08-15T08:16:49.090000Z,2024-08-14T15:06:07.525624Z,2087,CLMUZNH2,98,40,Male,Black,Nigeria,United States,Nigeria,English,Yes,Full-Time
66bcbfaa37a32501c94fd10b,5ceef17d410beb0001e40023,APPROVED,Not Applicable,2024-08-14T14:31:10.396000Z,2024-08-14T14:51:50.518000Z,2024-08-15T08:17:44.560000Z,2024-08-14T14:53:03.410143Z,1241,NOCODE,298,29,Female,Other,"Venezuela, Bolivarian Republic of",United States,"Venezuela, Bolivarian Republic of",Spanish,No,Full-Time
66bcc03619141f75e73206f4,5e4566e8f64db704b739b757,APPROVED,Not Applicable,2024-08-14T14:33:33.643000Z,2024-08-14T15:20:11.033000Z,2024-08-15T08:16:49.486000Z,2024-08-14T15:22:28.181490Z,2798,CLMUZNH2,1742,32,Male,Asian,India,United States,India,English,No,Full-Time
66bcc03da93b99f700455ce4,630a8feaa8eef385f72dc1a5,APPROVED,Not Applicable,2024-08-14T14:33:33.483000Z,2024-08-14T15:07:56.876000Z,2024-08-15T08:16:49.968000Z,2024-08-14T15:10:21.458765Z,2064,CLMUZNH2,5009,36,Male,Asian,Pakistan,United States,United States,English,No,Full-Time
66bcc08b85a02e487900dee1,666312108dab14d3494560c2,APPROVED,Not Applicable,2024-08-14T14:35:00.269000Z,2024-08-14T15:08:38.930000Z,2024-08-15T08:17:44.843000Z,2024-08-14T15:10:39.281598Z,2019,CLMUZNH2,167,36,Female,White,United States,United States,United States,English,No,DATA_EXPIRED
66bcc0a92779396e45b32601,6693d37b12c91deb6ce2f5fc,APPROVED,Not Applicable,2024-08-14T14:35:26.503000Z,2024-08-14T15:07:48.799000Z,2024-08-15T08:16:50.416000Z,2024-08-14T15:10:15.995690Z,1943,CLMUZNH2,167,31,Male,White,United States,United States,United States,English,No,Part-Time
66bcc0c600751f4e8ddba797,668b2312b4438a45e1043d4f,APPROVED,Not Applicable,2024-08-14T14:35:56.576000Z,2024-08-14T14:38:32.833000Z,2024-08-15T08:16:50.824000Z,2024-08-14T14:40:07.608959Z,157,NOCODE,69,24,Male,White,United States,United States,United States,English,Yes,Full-Time
66bcc0d8b174013b4e140c89,65cbfcea34c74d80089a7ccd,APPROVED,Not Applicable,2024-08-14T14:36:19.362000Z,2024-08-14T14:40:08.084000Z,2024-08-15T08:17:45.125000Z,2024-08-14T14:40:20.179856Z,229,NOCODE,340,29,Female,Black,United States,United States,United States,English,Yes,DATA_EXPIRED
66bcc127953ed9b0d5f656a7,654455ad0b76675379c66db4,APPROVED,Not Applicable,2024-08-14T14:37:34.133000Z,2024-08-14T15:23:05.352000Z,2024-08-15T08:17:45.411000Z,2024-08-14T15:24:28.032580Z,2732,CLMUZNH2,1607,35,Female,Black,Nigeria,United States,United States,English,No,Full-Time
66bcc1c2aa8e829910d1bfde,5ffa5b733bd20c42d0b40b87,APPROVED,Not Applicable,2024-08-14T14:40:15.906000Z,2024-08-14T15:18:40.282000Z,2024-08-15T08:16:51.225000Z,2024-08-14T15:18:41.156884Z,2305,CLMUZNH2,2016,33,Male,Asian,United States,United States,United States,English,DATA_EXPIRED,DATA_EXPIRED
66bcc1c4bb5150ce0a76c892,66892a7a5d486bf277cf9bc8,APPROVED,Not Applicable,2024-08-14T14:40:04.734000Z,2024-08-14T15:25:17.379000Z,2024-08-15T08:16:51.642000Z,2024-08-14T15:25:18.352437Z,2713,CLMUZNH2,168,25,Male,Black,Nigeria,United States,Nigeria,English,Yes,Full-Time
66bcc1f2d5a1fc5af5bd1a80,665d6a929e596697758ce323,APPROVED,Not Applicable,2024-08-14T14:41:17.659000Z,2024-08-14T15:43:02.198000Z,2024-08-15T08:17:45.720000Z,2024-08-14T15:43:06.652876Z,3705,NOCODE,113,38,Female,White,United States,United States,United States,English,DATA_EXPIRED,Full-Time
66bcc23fedb5e47944234e8c,665368d74aaae0a154296573,APPROVED,Not Applicable,2024-08-14T14:42:13.329000Z,2024-08-14T15:23:22.630000Z,2024-08-15T08:16:52.054000Z,2024-08-14T15:24:29.686480Z,2470,CLMUZNH2,455,33,Male,White,United States,United States,United States,English,No,Full-Time
66bcc2a83bedc4e83a4fdc6b,66a917b730146dc3198b98a8,APPROVED,Not Applicable,2024-08-14T14:43:59.766000Z,2024-08-14T14:59:08.661000Z,2024-08-15T08:17:46.027000Z,2024-08-14T14:59:29.093562Z,909,NOCODE,64,30,Female,White,United States,United States,United States,English,No,DATA_EXPIRED
66bcc2b2fa5023c169ad9b27,664a18b5f260b77527f56627,APPROVED,Not Applicable,2024-08-14T14:44:10.473000Z,2024-08-14T15:13:59.103000Z,2024-08-15T08:16:52.483000Z,2024-08-14T15:14:09.906816Z,1789,CLMUZNH2,180,37,Male,White,Morocco,United States,Morocco,Arabic,No,Full-Time
66bcc2d40b4800369cc7c680,664c89726ab27c5c55b5a85b,APPROVED,Not Applicable,2024-08-14T14:44:43.645000Z,2024-08-14T15:25:27.304000Z,2024-08-15T08:16:52.921000Z,2024-08-14T15:25:28.591959Z,2444,CLMUZNH2,549,35,Male,Black,Ghana,United States,United States,English,Yes,Full-Time
66bcc2fc3cf1916387334588,64135e3d9cd5e3f16290d29c,APPROVED,Not Applicable,2024-08-14T14:54:48.580000Z,2024-08-14T15:54:40.448000Z,2024-08-15T08:16:53.392000Z,2024-08-14T15:55:25.855322Z,3592,NOCODE,2466,26,Male,Asian,United States,United States,United States,English,DATA_EXPIRED,DATA_EXPIRED
66bcc31e04ecb22a0f22931f,664091e5f00aca65d1df3226,APPROVED,Not Applicable,2024-08-14T14:45:54.174000Z,2024-08-14T15:02:40.129000Z,2024-08-15T08:17:46.307000Z,2024-08-14T15:02:41.377150Z,1006,NOCODE,125,34,Female,White,Jordan,United States,Jordan,Arabic,No,Unemployed (and job seeking)
66bcc40e6d1293a42ed1bf8c,6290c65ed46e5dce4f16bb92,APPROVED,Not Applicable,2024-08-14T14:49:50.154000Z,2024-08-14T15:21:12.216000Z,2024-08-15T08:16:53.697000Z,2024-08-14T15:23:31.295768Z,1883,NOCODE,3971,39,Male,Black,United States,United States,United States,English,No,DATA_EXPIRED
66bcc436701e184964e2a36a,666a36bbca7c66fe603e3588,APPROVED,Not Applicable,2024-08-14T14:50:53.861000Z,2024-08-14T15:45:05.392000Z,2024-08-15T08:17:46.592000Z,2024-08-14T15:45:11.221841Z,3252,CLMUZNH2,159,28,Female,Black,Ghana,United States,United States,English,No,Full-Time
66bcc44fc21365be73d66ceb,66892120a16e7ba60de0c1a4,APPROVED,Not Applicable,2024-08-14T14:51:10.266000Z,2024-08-14T15:53:42.331000Z,2024-08-15T08:17:46.885000Z,2024-08-14T15:54:42.478322Z,3753,CLMUZNH2,213,22,Female,Black,Nigeria,United States,Nigeria,English,Yes,Full-Time
66bcc47c2c21b431bf26e7ca,668986ffeac80b6cf2c452da,APPROVED,Not Applicable,2024-08-14T14:51:44.581000Z,2024-08-14T15:33:31.072000Z,2024-08-15T08:17:47.162000Z,2024-08-14T15:34:05.611801Z,2507,CLMUZNH2,133,33,Female,White,United States,United States,United States,English,No,Full-Time
66bcc49acb56e2f5620b017f,5a973481f05361000171dd86,APPROVED,Not Applicable,2024-08-14T14:52:27.604000Z,2024-08-14T15:27:36.722000Z,2024-08-15T08:16:54.012000Z,2024-08-14T15:27:37.476552Z,2110,CLMUZNH2,2166,29,Male,Black,United States,United States,United States,English,DATA_EXPIRED,Full-Time
66bcc4f179463e7000fecb02,66a3e6e656e9d061a9e9588a,APPROVED,Not Applicable,2024-08-14T14:54:34.601000Z,2024-08-14T15:33:32.169000Z,2024-08-15T08:17:47.451000Z,2024-08-14T15:34:05.929265Z,2338,CLMUZNH2,62,29,Female,White,United States,United States,DATA_EXPIRED,English,No,Full-Time
66bcc530ab559750eea4581a,66b8ec006f8a3ea4bdf44889,APPROVED,Not Applicable,2024-08-14T14:56:47.981000Z,2024-08-14T15:28:04.479000Z,2024-08-15T08:17:47.730000Z,2024-08-14T15:28:05.194148Z,1877,clmuznh2,21,35,Female,White,Italy,United States,United States,English,No,"Not in paid work (e.g. homemaker', 'retired or disabled)"
66bcc55a4bd3b5dff239c9f3,665636b1aee72ef40df65a46,APPROVED,Not Applicable,2024-08-14T14:55:28.499000Z,2024-08-14T15:28:26.565000Z,2024-08-15T08:16:54.342000Z,2024-08-14T15:28:27.379525Z,1979,CLMUZNH2,251,22,Male,Mixed,United States,United States,United States,English,Yes,Unemployed (and job seeking)
66bcc5b86f02644c0224ec7e,66907bba032cba716fd17636,APPROVED,Not Applicable,2024-08-14T14:57:15.803000Z,2024-08-14T15:36:34.009000Z,2024-08-15T08:16:54.656000Z,2024-08-14T15:36:35.969034Z,2359,CLMUZNH2,240,39,Male,White,United States,United States,United States,English,No,Full-Time
66bcc5be5993564d939ae3da,616f727b03e888e0f8213eec,APPROVED,Not Applicable,2024-08-14T14:59:46.838000Z,2024-08-14T15:46:58.560000Z,2024-08-15T08:16:54.989000Z,2024-08-14T15:47:21.384768Z,2832,CLMUZNH2,2667,32,Male,White,United States,United States,United States,English,DATA_EXPIRED,DATA_EXPIRED
66bcc5c723bcb4f48f3092cc,66927c1896292f304a1fed4f,APPROVED,Not Applicable,2024-08-14T14:57:30.114000Z,2024-08-14T15:34:06.895000Z,2024-08-15T08:16:55.326000Z,2024-08-14T15:34:16.270822Z,2197,CLMUZNH2,200,30,Male,Black,DATA_EXPIRED,United States,United States,English,DATA_EXPIRED,Full-Time
66bcc6928f9f74795c4fd2c1,65ad47397526e114408593b4,APPROVED,Not Applicable,2024-08-14T15:00:42.378000Z,2024-08-14T15:33:33.536000Z,2024-08-15T08:17:48.003000Z,2024-08-14T15:34:06.361978Z,1972,CLMUZNH2,1193,29,Female,Black,Ghana,United States,United States,English,DATA_EXPIRED,DATA_EXPIRED
66bcc722484b82ae7788d30b,66b3ea8b0729720dddd1e8ec,APPROVED,Not Applicable,2024-08-14T15:03:23.551000Z,2024-08-14T16:07:39.383000Z,2024-08-15T08:17:48.276000Z,2024-08-14T16:07:40.090551Z,3856,CLMUZNH2,34,30,Female,White,United States,United States,United States,Italian,No,Full-Time
66bcc73acf435bffc5408e18,65ec6e1775ee75820dab11bb,APPROVED,Not Applicable,2024-08-14T15:12:19.073000Z,2024-08-14T16:19:09.927000Z,2024-08-15T08:16:55.639000Z,2024-08-14T16:21:30.363052Z,4011,CLMUZNH2,608,29,Male,White,United States,United States,United States,English,No,Full-Time
66bcc8062779396e45b3273a,668e8defc1f9cace8c1f07f3,APPROVED,Not Applicable,2024-08-14T15:07:20.224000Z,2024-08-14T15:38:02.376000Z,2024-08-15T08:16:55.964000Z,2024-08-14T15:38:25.141609Z,1843,CLMUZNH2,153,30,Male,Asian,Australia,United States,Australia,English,No,DATA_EXPIRED
66bcc881c5611297d5f508fa,66885719b374a3ce38539519,APPROVED,Not Applicable,2024-08-14T15:08:59.830000Z,2024-08-14T15:39:58.477000Z,2024-08-15T08:17:48.541000Z,2024-08-14T15:40:22.246075Z,1859,CLMUZNH2,154,32,Female,White,United States,United States,United States,English,No,"Not in paid work (e.g. homemaker', 'retired or disabled)"
66bcc8e3db933778e49c4696,5c78b032419dcc0014119082,APPROVED,Not Applicable,2024-08-14T15:15:07.166000Z,2024-08-14T15:56:40.663000Z,2024-08-15T08:16:56.265000Z,2024-08-14T15:56:41.412588Z,2494,CLMUZNH2,4345,39,Male,White,United States,United States,United States,English,DATA_EXPIRED,DATA_EXPIRED
66bcc9c9066b96d70f43911e,66b105e5472a7853291e7259,APPROVED,Not Applicable,2024-08-14T15:14:33.953000Z,2024-08-14T15:36:53.075000Z,2024-08-15T08:16:56.604000Z,2024-08-14T15:36:56.773786Z,1340,NOCODE,54,27,Male,Black,United States,United States,United States,English,No,Part-Time
66bcc9e18c00c7c2e17053b4,66b8bc45d13f4d752ea43f6a,APPROVED,Not Applicable,2024-08-14T15:14:56.706000Z,2024-08-14T15:48:20.271000Z,2024-08-15T08:16:56.952000Z,2024-08-14T15:48:37.237948Z,2004,CLMUZNH2,18,33,Male,Mixed,United States,United States,United States,English,No,Full-Time
66bcc9f404444d4df87e67a8,614895cb03b189f771ad1267,APPROVED,Not Applicable,2024-08-14T15:15:09.742000Z,2024-08-14T15:44:36.325000Z,2024-08-15T08:17:48.820000Z,2024-08-14T15:44:41.007528Z,1767,CLMUZNH2,1472,28,Female,White,United States,United States,United States,English,No,Unemployed (and job seeking)
66bcc9f4eb9450a7233c5680,65f809221fb8842b8f23d632,APPROVED,Not Applicable,2024-08-14T15:22:55.456000Z,2024-08-14T16:04:46.064000Z,2024-08-15T08:16:57.301000Z,2024-08-14T16:04:47.065023Z,2511,CLMUZNH2,786,25,Male,Black,United States,United States,United States,English,No,Full-Time
66bcc9fd18da3ed2ffad9cde,66aa826226ace74112a5a24f,APPROVED,Not Applicable,2024-08-14T15:15:34.412000Z,2024-08-14T16:02:07.803000Z,2024-08-15T08:17:49.157000Z,2024-08-14T16:02:08.667915Z,2794,CLMUZNH2,74,33,Female,Black,United States,United States,United States,English,DATA_EXPIRED,Full-Time
66bcca167c29101835d3eca5,5c2805401d4eb70001177bfc,APPROVED,Not Applicable,2024-08-14T15:15:57.340000Z,2024-08-14T15:46:15.397000Z,2024-08-15T08:17:49.438000Z,2024-08-14T15:46:28.093469Z,1819,CLMUZNH2,2608,37,Female,White,United States,United States,United States,English,No,Other
66bcca1cc4ea7313ee1709e4,6688090f82813cfbe67afe2c,APPROVED,Not Applicable,2024-08-14T15:15:56.965000Z,2024-08-14T15:53:24.207000Z,2024-08-15T08:17:49.706000Z,2024-08-14T15:54:20.149127Z,2248,CLMUZNH2,37,28,Female,White,United States,United States,United States,English,Yes,Full-Time
66bcca2ea62057a238a0f42e,6234d77291179c1badffad36,APPROVED,Not Applicable,2024-08-14T15:15:58.356000Z,2024-08-14T15:57:45.399000Z,2024-08-15T08:16:57.645000Z,2024-08-14T15:59:56.985900Z,2508,CLMUZNH2,4229,29,Male,White,United States,United States,United States,English,DATA_EXPIRED,DATA_EXPIRED
66bcca373bedc4e83a4fdd7a,6643817a0a8e0da55d38d56f,APPROVED,Not Applicable,2024-08-14T15:16:29.820000Z,2024-08-14T15:52:22.546000Z,2024-08-15T08:16:58.076000Z,2024-08-14T15:52:30.709755Z,2153,NOCODE,205,24,Male,Black,United States,United States,United States,English,No,Full-Time
66bcca52577d21b962ff19da,663984bdbfc56c90f7d75dc8,APPROVED,Not Applicable,2024-08-14T15:17:10.242000Z,2024-08-14T15:58:58.988000Z,2024-08-15T08:16:58.429000Z,2024-08-14T16:00:31.145346Z,2509,CLMUZNH2,92,27,Male,White,United States,United States,United States,English,DATA_EXPIRED,DATA_EXPIRED
66bcca7a2e0bf2bc895a8886,5910a5f8748d450001ba3a67,APPROVED,Not Applicable,2024-08-14T15:19:09.116000Z,2024-08-14T15:48:18.930000Z,2024-08-15T08:16:58.743000Z,2024-08-14T15:48:36.561695Z,1750,CLMUZNH2,1308,37,Male,White,United States,United States,United States,English,DATA_EXPIRED,DATA_EXPIRED
66bcca7d178cc5a172f7c666,669136cff0507cfbfa7db59c,APPROVED,Not Applicable,2024-08-14T15:17:30.751000Z,2024-08-14T16:01:09.801000Z,2024-08-15T08:16:59.091000Z,2024-08-14T16:01:10.833087Z,2620,CLMUZNH2,42,31,Male,Black,United States,United States,United States,English,No,Part-Time
66bccb3dc48703a08b9c46b7,66927feeb5bedd35aee3cc5f,APPROVED,Not Applicable,2024-08-14T15:20:42.327000Z,2024-08-14T15:50:37.418000Z,2024-08-15T08:17:50.044000Z,2024-08-14T15:50:38.125694Z,1796,CLMUZNH2,176,29,Female,White,United States,United States,United States,English,Yes,DATA_EXPIRED
66bcccda79463e7000fecc4a,66743dc61dc3fc51cbb8fefd,APPROVED,Not Applicable,2024-08-14T15:27:52.785000Z,2024-08-14T15:57:40.043000Z,2024-08-15T08:16:59.405000Z,2024-08-14T15:59:53.473432Z,1788,CLMUZNH2,163,20,Male,Asian,Philippines,United States,Philippines,Tagalog-Filipino,Yes,Unemployed (and job seeking)
66bccd1004444d4df87e681d,65bd6e6d58e4443614dae27b,APPROVED,Not Applicable,2024-08-14T15:28:16.488000Z,2024-08-14T15:58:48.125000Z,2024-08-15T08:17:50.312000Z,2024-08-14T16:00:22.814340Z,1832,CLMUZNH2,1040,25,Female,Asian,Philippines,United States,Philippines,Tagalog-Filipino,No,Unemployed (and job seeking)
66bccd11e692abccc2170a18,666b2ae7c62c11d17f304263,APPROVED,Not Applicable,2024-08-14T15:28:27.273000Z,2024-08-14T16:20:21.622000Z,2024-08-15T08:17:50.607000Z,2024-08-14T16:21:53.849664Z,3115,CLMUZNH2,215,34,Female,White,United States,United States,United States,English,Yes,Full-Time
66bccd217ce8e4f86b0b4f60,669bbfabf8a31bf01a09bc49,APPROVED,Not Applicable,2024-08-14T15:32:34.420000Z,2024-08-14T16:03:57.448000Z,2024-08-15T08:17:50.880000Z,2024-08-14T16:03:58.355164Z,1884,CLMUZNH2,154,36,Female,White,United States,United States,United States,English,No,Full-Time
66bccf362142b98e0b652679,63d6f2705562fd353b7948dc,APPROVED,Not Applicable,2024-08-14T15:37:50.610000Z,2024-08-14T16:09:44.289000Z,2024-08-15T08:16:59.744000Z,2024-08-14T16:11:13.882041Z,1914,CLMUZNH2,3713,31,Male,Black,United States,United States,United States,English,No,Full-Time
66bccf8d07703bf2578d22ac,660a9e67953a82733f06c302,APPROVED,Not Applicable,2024-08-14T15:42:03.503000Z,2024-08-14T16:20:55.958000Z,2024-08-15T08:17:51.205000Z,2024-08-14T16:22:09.288225Z,2333,CLMUZNH2,705,27,Female,Black,DATA_EXPIRED,United States,United States,English,DATA_EXPIRED,Full-Time
66bccff60de11f6d6cb53547,662fbb4163d7a1695a748636,APPROVED,Not Applicable,2024-08-14T15:41:03.775000Z,2024-08-14T16:10:29.086000Z,2024-08-15T08:17:00.072000Z,2024-08-14T16:11:36.623819Z,1766,CLMUZNH2,518,32,Male,White,United States,United States,United States,English,Yes,Full-Time
66bccff85c2a45d4ce9d933e,5652916bfea9c60012c5cdc1,APPROVED,Not Applicable,2024-08-14T15:40:40.455000Z,2024-08-14T16:19:09.441000Z,2024-08-15T08:17:00.391000Z,2024-08-14T16:21:30.397220Z,2309,CLMUZNH2,1740,37,Male,Other,United States,United States,United States,English,DATA_EXPIRED,DATA_EXPIRED
66bcd1dbd7d5060e7a069c2f,6649fdbf07e464189e4b1981,APPROVED,Not Applicable,2024-08-14T15:48:53.001000Z,2024-08-14T16:29:48.669000Z,2024-08-15T08:17:01.416000Z,2024-08-14T16:34:27.212421Z,2456,CLMUZNH2,488,27,Male,Black,Nigeria,United States,United States,English,DATA_EXPIRED,DATA_EXPIRED
66bcd1e0f5cb31745d1b347d,664d6d6d9d70a0875eada8a6,APPROVED,Not Applicable,2024-08-14T15:48:52.764000Z,2024-08-14T16:19:55.720000Z,2024-08-15T08:17:01.778000Z,2024-08-14T16:21:45.107483Z,1863,CLMUZNH2,285,23,Male,White,United States,United States,United States,English,No,Part-Time
66bcd608ea7656d9bdcd6a39,5de56b9deda9320ecb83f522,APPROVED,Not Applicable,2024-08-14T16:06:32.964000Z,2024-08-14T16:36:13.613000Z,2024-08-15T08:17:02.162000Z,2024-08-14T16:36:14.308633Z,1781,CLMUZNH2,46,30,Male,DATA_EXPIRED,United States,United States,United States,English,No,Full-Time
66bcd8b4c25ae16687c53d41,6683c3090fada48d73372b3f,APPROVED,Not Applicable,2024-08-14T16:20:05.334000Z,2024-08-14T17:09:10.509000Z,2024-08-15T08:17:02.707000Z,2024-08-14T17:09:55.645559Z,2946,CLMUZNH2,86,32,Male,Black,Nigeria,United States,Nigeria,English,No,DATA_EXPIRED
66bcd90a1d673c7355653f73,668402bd764a366c27c443d3,APPROVED,Not Applicable,2024-08-14T16:19:27.850000Z,2024-08-14T16:52:12.385000Z,2024-08-15T08:17:51.475000Z,2024-08-14T16:52:13.675532Z,1965,CLMUZNH2,265,29,Female,White,United States,United States,United States,English,No,"Not in paid work (e.g. homemaker', 'retired or disabled)"
66bcd9275093e2e83b39cb97,64402f7ad3d019dc99b9f3f0,APPROVED,Not Applicable,2024-08-14T16:25:57.497000Z,2024-08-14T16:57:29.107000Z,2024-08-15T08:17:03.060000Z,2024-08-14T17:01:27.323038Z,1892,CLMUZNH2,3186,23,Male,White,United States,United States,United States,English,DATA_EXPIRED,DATA_EXPIRED
66bcd9389d682007d1de6197,66a8cdc06a148e58534e1244,APPROVED,Not Applicable,2024-08-14T16:21:04.735000Z,2024-08-14T17:09:08.826000Z,2024-08-15T08:17:03.404000Z,2024-08-14T17:09:53.694595Z,2885,CLMUZNH2,81,21,Male,Black,DATA_EXPIRED,United States,United States,English,DATA_EXPIRED,Part-Time
66bcdfbca5a0b59a646edbd4,64045393fa09ada78f0b5301,APPROVED,Not Applicable,2024-08-14T16:48:13.943000Z,2024-08-14T17:48:36.593000Z,2024-08-15T08:17:03.728000Z,2024-08-14T17:50:00.070886Z,3623,CLMUZNH2,2744,37,Male,Black,United States,United States,United States,English,DATA_EXPIRED,DATA_EXPIRED
66bce28ea93b99f700456203,669abec15946546f5a97a5ff,APPROVED,Not Applicable,2024-08-14T17:00:04.247000Z,2024-08-14T17:29:32.539000Z,2024-08-15T08:17:04.067000Z,2024-08-14T17:31:18.162307Z,1769,CLMUZNH2,139,32,Male,White,United States,United States,United States,English,No,"Not in paid work (e.g. homemaker', 'retired or disabled)"
66bcf0515bb3f7c6d0caa40a,6658d3384552a75abbc15f10,APPROVED,Not Applicable,2024-08-14T18:02:01.386000Z,2024-08-14T18:41:37.910000Z,2024-08-15T08:17:04.580000Z,2024-08-14T18:41:39.424592Z,2377,CLMUZNH2,466,39,Male,Mixed,United States,United States,United States,English,No,Full-Time
66c5c5df924474dc01421695,66c2382c6e08f5c40d267214,APPROVED,Not Applicable,2024-08-21T10:48:30.304000Z,2024-08-21T11:21:43.077000Z,2024-08-23T08:40:42.786000Z,2024-08-21T11:21:43.729730Z,1993,CLMUZNH2,7,30,Male,Mixed,United States,United States,United States,English,No,Other
66c5c65a04c969bdcdcfc6bb,595e8b1cd9f24a0001b3a235,APPROVED,Not Applicable,2024-08-21T10:50:20.728000Z,2024-08-21T11:19:25.452000Z,2024-08-23T08:40:49.612000Z,2024-08-21T11:19:26.301725Z,1745,CLMUZNH2,238,37,Female,Asian,United States,United States,United States,English,DATA_EXPIRED,Full-Time
66c5c6dbdedc669074665fd9,66c38fd7ae15be6892682c21,APPROVED,Not Applicable,2024-08-21T10:52:21.805000Z,2024-08-21T11:34:57.554000Z,2024-08-23T08:40:43.242000Z,2024-08-21T11:34:58.294757Z,2556,CLMUZNH2,1,34,Male,White,United States,United States,United States,English,Yes,Full-Time
66c5c6fd065cdc548d8ff2f5,61089ad48fec89460f200973,APPROVED,Not Applicable,2024-08-21T10:52:50.940000Z,2024-08-21T11:23:17.030000Z,2024-08-23T08:40:49.866000Z,2024-08-21T11:23:17.880393Z,1827,clmuznh2,225,24,Female,White,United States,United States,United States,English,DATA_EXPIRED,DATA_EXPIRED
66c5c7ca4b7d652e4cc3315b,601a67866e12e328676f82da,APPROVED,Not Applicable,2024-08-21T11:03:18.600000Z,2024-08-21T11:37:43.064000Z,2024-08-23T08:40:43.519000Z,2024-08-21T11:37:43.929803Z,2065,CLMUZNH2,1,25,Male,DATA_EXPIRED,United States,United States,United States,English,No,Full-Time
66c5c8d93ee15e65cf6bed85,6648c6a3f4c34d92f6bbf133,APPROVED,Not Applicable,2024-08-21T11:00:57.623000Z,2024-08-21T11:16:07.439000Z,2024-08-23T08:40:50.171000Z,2024-08-21T11:16:38.563845Z,910,6648c6a3f4c34d92f6bbf133,126,37,Female,Other,United States,United States,United States,English,No,Unemployed (and job seeking)
66c5c93a20c1500eed077d80,5d2f7fb4bb27200019010768,APPROVED,Not Applicable,2024-08-21T11:02:27.381000Z,2024-08-21T11:31:51.922000Z,2024-08-23T08:40:43.771000Z,2024-08-21T11:31:52.820427Z,1765,CLMUZNH2,1629,28,Male,Other,Colombia,United States,United States,Spanish,Yes,Full-Time
66c5c944a0098f0cd7c03587,6565b89a1bfb38c43dbe6fdd,APPROVED,Not Applicable,2024-08-21T11:02:37.320000Z,2024-08-21T11:47:41.315000Z,2024-08-23T08:40:44.024000Z,2024-08-21T11:47:42.121189Z,2704,CLMUZNH2,116,39,Male,Black,United States,United States,Ghana,English,No,Full-Time
66c5caf7b4886750b6c06884,665af528082e8340b28b6c63,APPROVED,Not Applicable,2024-08-21T11:10:49.341000Z,2024-08-21T11:31:14.030000Z,2024-08-23T08:40:44.286000Z,2024-08-21T11:31:14.855428Z,1225,NOCODE,153,24,Male,Mixed,Ghana,United States,United States,English,Yes,DATA_EXPIRED
66c5cafbd28f8b30f6395684,669bcce597aed4a1624b39f5,APPROVED,Not Applicable,2024-08-21T11:11:24.475000Z,2024-08-21T11:47:21.523000Z,2024-08-23T08:40:50.421000Z,2024-08-21T11:47:22.226636Z,2158,CLMUZNH2,0,34,Female,Black,United States,United States,United States,English,No,Full-Time
66c5cafdd6c3220f49e159bd,66af90b15cdcb0ec9e2b53cb,APPROVED,Not Applicable,2024-08-21T11:10:34.278000Z,2024-08-21T11:55:04.917000Z,2024-08-23T08:40:44.542000Z,2024-08-21T11:55:43.606922Z,2671,CLMUZNH2,11,39,Male,Black,Ghana,United States,United States,English,Yes,Full-Time
66c5cb6230987509da63a3fb,62dbd5b3734a6a1375b46eea,APPROVED,Not Applicable,2024-08-21T11:13:17.928000Z,2024-08-21T12:18:32.703000Z,2024-08-23T08:40:44.806000Z,2024-08-21T12:18:33.465210Z,3915,CLMUZNH2,2667,31,Male,White,United States,United States,United States,English,DATA_EXPIRED,DATA_EXPIRED
66c5cbd3c9d7fcccd7eddd25,6636db94fa3ed150c2d78447,APPROVED,Not Applicable,2024-08-21T11:13:27.763000Z,2024-08-21T11:46:31.708000Z,2024-08-23T08:40:45.058000Z,2024-08-21T11:46:32.628534Z,1984,CLMUZNH2,95,26,Male,White,United States,United States,United States,English,Yes,Part-Time
66c5cbe5563b75f0f92420b6,6653b8cab9ac285852a84c17,APPROVED,Not Applicable,2024-08-21T11:13:49.609000Z,2024-08-21T11:43:37.390000Z,2024-08-23T08:40:50.674000Z,2024-08-21T11:44:26.620490Z,1788,CLMUZH2,147,34,Female,White,Brazil,United States,Brazil,Portuguese,No,Other
66c5cc31f302a9b1169b42ab,659155e75044ad5258a5b90e,APPROVED,Not Applicable,2024-08-21T11:16:14.128000Z,2024-08-21T11:53:37.473000Z,2024-08-23T08:40:45.320000Z,2024-08-21T11:54:42.418256Z,2244,CLMUZNH2,706,39,Male,Black,Ghana,United States,United States,English,DATA_EXPIRED,DATA_EXPIRED
66c5cc7450f743d4f85f936a,5d2e1c52c3651500159f0a69,APPROVED,Not Applicable,2024-08-21T11:25:30.552000Z,2024-08-21T12:08:16.155000Z,2024-08-23T08:40:45.575000Z,2024-08-21T12:08:17.144574Z,2566,CLMUZNH2,2599,40,Male,Asian,Thailand,United States,Thailand,English,No,Full-Time
66c5cc78c1dc86f3fad78d65,62e19208352cd518d7b2f085,APPROVED,Not Applicable,2024-08-21T11:16:08.590000Z,2024-08-21T12:03:51.872000Z,2024-08-23T08:40:45.827000Z,2024-08-21T12:05:36.921442Z,2864,CLMUZNH2,2085,35,Male,White,United States,United States,United States,English,No,Full-Time
66c5ccca563074fa40d45d87,5ee6706034f12e3d82d952aa,APPROVED,Not Applicable,2024-08-21T11:17:35.146000Z,2024-08-21T11:47:21.182000Z,2024-08-23T08:40:46.085000Z,2024-08-21T11:47:21.810629Z,1787,CLMUZNH2,5638,28,Male,Asian,United States,United States,United States,English,No,Full-Time
66c5ccdb589d3ea662c6ef54,62ed3b25068457fa24a6a44e,APPROVED,Not Applicable,2024-08-21T11:17:54.916000Z,2024-08-21T12:10:16.361000Z,2024-08-23T08:40:46.336000Z,2024-08-21T12:10:17.594915Z,3142,CLMUZNH2,125,33,Male,Black,United States,United States,United States,English,No,Part-Time
66c5cd43e76b22e42d76d03e,65578c0b6e15c3f1a9f3dec9,APPROVED,Not Applicable,2024-08-21T11:23:59.831000Z,2024-08-21T11:55:28.092000Z,2024-08-23T08:40:50.928000Z,2024-08-21T11:55:52.985968Z,1889,CLMUZNH2,287,36,Female,White,United States,United States,United States,English,No,"Not in paid work (e.g. homemaker', 'retired or disabled)"
66c5cd64fb09db25f2454154,6697db2be134bd44b38d9b95,APPROVED,Not Applicable,2024-08-21T11:20:17.805000Z,2024-08-21T11:57:57.228000Z,2024-08-23T08:40:46.621000Z,2024-08-21T11:57:57.836136Z,2260,CLMUZNH2,19,33,Male,Black,Ghana,United States,United States,English,DATA_EXPIRED,DATA_EXPIRED
66c5cd9efe4c52f630a9e097,665c94c89f94a044143b174c,APPROVED,Not Applicable,2024-08-21T11:21:11.229000Z,2024-08-21T11:52:25.514000Z,2024-08-23T08:40:51.179000Z,2024-08-21T11:53:28.710684Z,1875,CLMUZNH2,92,33,Female,White,United States,United States,United States,English,No,Full-Time
66c5cdcf0fcc93934a4641a5,5aadf89afb22320001baa4e9,APPROVED,Not Applicable,2024-08-21T11:21:58.531000Z,2024-08-21T11:52:06.647000Z,2024-08-23T08:40:51.437000Z,2024-08-21T11:53:11.942150Z,1809,CLMUZNH2,269,31,Female,Black,United States,United States,United States,English,DATA_EXPIRED,Part-Time
66c5ce185a7d7a6e004107c7,62dc587c7c0dd665ce6c299c,APPROVED,Not Applicable,2024-08-21T11:23:14.663000Z,2024-08-21T11:55:33.628000Z,2024-08-23T08:40:46.878000Z,2024-08-21T11:56:00.605316Z,1939,CLMUZNH2,1994,29,Male,White,United States,United States,United States,English,DATA_EXPIRED,Full-Time
66c5ce342bc58189e63e2b06,6632f22b00098536590e0465,APPROVED,Not Applicable,2024-08-21T11:23:38.078000Z,2024-08-21T11:54:58.986000Z,2024-08-23T08:40:51.694000Z,2024-08-21T11:55:38.259500Z,1881,CLMUZNH2,48,40,Female,Asian,China,United States,China,Chinese,Yes,DATA_EXPIRED
66c5cec1e344a2c105de9726,66c0b1c4ed86db2567fc71a6,APPROVED,Not Applicable,2024-08-21T11:25:59.815000Z,2024-08-21T11:57:05.228000Z,2024-08-23T08:40:47.147000Z,2024-08-21T11:57:06.118271Z,1866,CLMUZNH2,9,37,Male,Mixed,United States,United States,United States,English,No,Full-Time
66c5cf991b208d27adef33bd,669a5892797b9d3019e9022e,APPROVED,Not Applicable,2024-08-21T11:29:33.949000Z,2024-08-21T12:01:01.855000Z,2024-08-23T08:40:47.407000Z,2024-08-21T12:01:03.572385Z,1888,clmuznh2,11,38,Male,Asian,Vietnam,United States,Vietnam,Vietnamese,No,Unemployed (and job seeking)
66c5cfd4e36caf457247d6b9,5dd671942b033b5ec8bc97b4,APPROVED,Not Applicable,2024-08-21T11:38:26.961000Z,2024-08-21T12:37:15.940000Z,2024-08-23T08:40:47.659000Z,2024-08-21T12:37:18.165903Z,3529,CLMUZNH2,2276,25,Male,White,Panama,United States,Panama,Spanish,No,Full-Time
66c5cfe37458825117d96ea1,66a4b9ad52185ff9c78d83e1,APPROVED,Not Applicable,2024-08-21T11:30:53.261000Z,2024-08-21T12:07:24.320000Z,2024-08-23T08:40:47.926000Z,2024-08-21T12:07:26.232078Z,2192,CLMUZNH2,44,28,Male,Mixed,Ghana,United States,United States,English,Yes,DATA_EXPIRED
66c5d0202c7306c357659d10,6644ac821d17b413ffa905c9,APPROVED,Not Applicable,2024-08-21T11:31:49.980000Z,2024-08-21T12:02:38.527000Z,2024-08-23T08:40:51.969000Z,2024-08-21T12:05:02.739732Z,1849,CLMUZNH2,135,33,Female,White,United States,United States,United States,English,No,Unemployed (and job seeking)
66c5d072d5d31f78a5aa503e,66863f40e4424280f0ccb3f7,APPROVED,Not Applicable,2024-08-21T11:33:23.018000Z,2024-08-21T12:04:13.969000Z,2024-08-23T08:40:52.597000Z,2024-08-21T12:05:49.734237Z,1851,36885,1,36,Female,Asian,Philippines,United States,Philippines,Tagalog-Filipino,No,DATA_EXPIRED
66c5d0965b5bb9c353479657,6683fdcdf7e5580c12bb591c,APPROVED,Not Applicable,2024-08-21T11:35:09.557000Z,2024-08-21T12:09:29.620000Z,2024-08-23T08:40:52.860000Z,2024-08-21T12:09:30.747240Z,2061,CLMUZNH2,307,40,Female,White,United States,United States,United States,English,No,Full-Time
66c5d0ec83838120c5fe8c1d,65c11b022725b7aa17d94263,APPROVED,Not Applicable,2024-08-21T11:35:28.615000Z,2024-08-21T11:50:09.097000Z,2024-08-23T08:40:53.142000Z,2024-08-21T11:50:09.793661Z,881,NOCODE,224,37,Female,Black,United States,United States,United States,English,No,Full-Time
66c5d10112c5d624e524b2e1,5dd329e3270f4433de53299a,APPROVED,Not Applicable,2024-08-21T11:35:34.730000Z,2024-08-21T12:06:23.297000Z,2024-08-23T08:40:53.424000Z,2024-08-21T12:06:24.196739Z,1849,CLMUZNH2,2801,36,Female,White,United States,United States,United States,English,No,"Not in paid work (e.g. homemaker', 'retired or disabled)"
66c5d128463601fc1f87e48b,66a2b5ffb639a091c7ed6a28,APPROVED,Not Applicable,2024-08-21T11:36:23.583000Z,2024-08-21T12:25:29.420000Z,2024-08-23T08:40:53.696000Z,2024-08-21T12:25:37.325395Z,2946,CLMUZNH2,1,29,Female,Black,United States,United States,United States,English,No,Full-Time
66c5d1787d2df7d31b454227,65e77b8084a26a1e221bd436,APPROVED,Not Applicable,2024-08-21T11:37:35.390000Z,2024-08-21T12:07:31.746000Z,2024-08-23T08:40:54.082000Z,2024-08-21T12:07:32.459915Z,1797,CLMUZNH2,335,30,Female,Black,United States,United States,United States,English,No,"Not in paid work (e.g. homemaker', 'retired or disabled)"
66c5d18f5fdc076e57d78e25,64a2f68799cfe91aa4f9da77,APPROVED,Not Applicable,2024-08-21T11:37:56.878000Z,2024-08-21T12:13:39.497000Z,2024-08-23T08:40:54.432000Z,2024-08-21T12:14:43.417555Z,2143,CLMUZNH2,1344,27,Female,White,United States,United States,United States,English,No,Unemployed (and job seeking)
66c5d2990f5592a5ff975a65,641f9b7b5528c725f5511fdc,APPROVED,Not Applicable,2024-08-21T11:42:20.733000Z,2024-08-21T12:13:04.675000Z,2024-08-23T08:40:54.707000Z,2024-08-21T12:14:26.495294Z,1844,CLMUZNH2,2987,33,Female,White,United States,United States,United States,English,DATA_EXPIRED,DATA_EXPIRED
66c5d31883838120c5fe8c85,66b19381b67f368116867005,APPROVED,Not Applicable,2024-08-21T11:46:48.290000Z,2024-08-21T12:21:01.731000Z,2024-08-23T08:40:54.972000Z,2024-08-21T12:21:04.856926Z,2054,CLMUZNH2,30,24,Female,Black,United States,United States,United States,English,Yes,Part-Time
66c5d356189dda68bbd476e1,666e57a593be89c7850addc2,APPROVED,Not Applicable,2024-08-21T11:50:49.935000Z,2024-08-21T12:42:39.087000Z,2024-08-23T08:40:55.247000Z,2024-08-21T12:42:52.603884Z,3110,CLMUZNH2,235,23,Female,White,United States,United States,United States,English,No,Full-Time
66c5d379abfea272c4a0e7a2,667adb24ee04cc6fd9829d66,APPROVED,Not Applicable,2024-08-21T11:46:06.886000Z,2024-08-21T12:15:58.911000Z,2024-08-23T08:40:48.192000Z,2024-08-21T13:16:14.264413Z,1793,CLMUZNH2,390,24,Male,White,United States,United States,United States,English,No,Part-Time
66c5d37e8286e51fb77050e1,658fbb9f64bcbcfb43e3d925,APPROVED,Not Applicable,2024-08-21T11:46:14.029000Z,2024-08-21T12:22:42.307000Z,2024-08-23T08:40:55.523000Z,2024-08-21T12:22:43.103567Z,2189,CLMUZNH2,454,40,Female,Black,United States,United States,United States,English,DATA_EXPIRED,DATA_EXPIRED
66c5d37fe4883e7cf9c903c0,6020606d7b0258677b881f63,APPROVED,Not Applicable,2024-08-21T11:46:12.928000Z,2024-08-21T12:17:10.097000Z,2024-08-23T08:40:55.827000Z,2024-08-21T12:17:10.790692Z,1858,CLMUZNH2,1294,25,Female,White,United States,United States,United States,English,No,"Not in paid work (e.g. homemaker', 'retired or disabled)"
66c5d3cc20e08e0cba20ec46,668848652769abd34e7b206c,APPROVED,Not Applicable,2024-08-21T11:47:30.058000Z,2024-08-21T12:21:47.318000Z,2024-08-23T08:40:56.096000Z,2024-08-21T12:21:48.508870Z,2058,CLMUZNH2,211,32,Female,Other,United States,United States,United States,English,No,Full-Time
66c5d4734b4a0762824cde1c,6626af2e059f5bfd95bdd828,APPROVED,Not Applicable,2024-08-21T11:50:17.562000Z,2024-08-21T12:22:54.113000Z,2024-08-23T08:40:48.463000Z,2024-08-21T12:22:57.463144Z,1957,clmuznh2,15,29,Male,Mixed,United States,United States,United States,Spanish,No,DATA_EXPIRED
66c5d52d9b223db398b628db,5c265df50091e40001c9dde5,APPROVED,Not Applicable,2024-08-21T11:53:20.466000Z,2024-08-21T12:27:08.535000Z,2024-08-23T08:40:56.369000Z,2024-08-21T12:27:09.317487Z,2029,CLMUZNH2,497,37,Female,White,United States,United States,United States,English,No,Full-Time
66c5d5a8bfb68a7ee9920935,663ae0d9ca6ba265c38397fe,APPROVED,Not Applicable,2024-08-21T11:55:31.288000Z,2024-08-21T12:46:48.831000Z,2024-08-23T08:40:48.825000Z,2024-08-21T12:46:49.528424Z,3078,CLMUZNH2,8,30,Male,Black,Nigeria,United States,Nigeria,English,Yes,Part-Time
66c5dd04bd7564b9995ecfcf,6665b26a49d9b1071a67babe,APPROVED,Not Applicable,2024-08-21T12:26:50.606000Z,2024-08-21T12:57:14.543000Z,2024-08-23T08:40:56.653000Z,2024-08-21T12:57:15.146971Z,1824,CLMUZNH2,423,39,Female,White,United States,United States,United States,English,No,Full-Time
,,,,,,,,,,,,,,,,,,,
,,,,,,,,,,,,171,,,,,,,
,,,,,,,,,,,,173,,,,,,,
,,,,,,,,,,,31.26162791,,,,,,,,
,,,,,,,,,,,5.388805341,,,,,,,,
